sweep_parameter,sweep_value,dynamics,seed_index,seed,mode_index,q,q_over_pi,kernel_hat,lambda_theory,lambda_fit,fit_r2,A0,A1,R,B,h,phi_bar,delta_h_minus_phi,m_star,Lambda_star,mu,sigma_eff
B,0.4,gaussian_map,0,40260801,0,0.0,0.0,1.0,0.4,0.40847503868468793,0.9976455396499825,0.05056770833333333,0.020958333333333332,12,0.4,0.0,0.0,0.0,0.0,0.4,0.10666186852010345,0.2127596452964393
B,0.4,gaussian_map,0,40260801,1,0.06544984694978735,0.020833333333333332,0.8877910199906281,0.35511640799625127,0.35194138453919405,0.999748516460447,0.051304933694013344,0.017986377471489973,12,0.4,0.0,0.0,0.0,0.0,0.4,0.10666186852010345,0.2127596452964393
B,0.4,gaussian_map,0,40260801,2,0.1308996938995747,0.041666666666666664,0.5940438203443975,0.23761752813775902,0.24091113139207565,0.9997232908996949,0.05024222462257277,0.012071338607074225,12,0.4,0.0,0.0,0.0,0.0,0.4,0.10666186852010345,0.2127596452964393
B,0.4,gaussian_map,0,40260801,4,0.2617993877991494,0.08333333333333333,-0.08333333333333323,-0.03333333333333329,-0.02482075022721,0.9798824972244738,0.05018090646241991,-0.0012415937219325895,12,0.4,0.0,0.0,0.0,0.0,0.4,0.10666186852010345,0.2127596452964393
B,0.4,gaussian_map,0,40260801,6,0.39269908169872414,0.125,-0.2511391455052437,-0.10045565820209748,-0.10021798704631572,0.9959102445724496,0.04996702252642615,-0.004984484808223253,12,0.4,0.0,0.0,0.0,0.0,0.4,0.10666186852010345,0.2127596452964393
B,0.4,gaussian_map,0,40260801,8,0.5235987755982988,0.16666666666666666,-5.551115123125783e-17,-2.2204460492503132e-17,0.0024118911006355227,-0.2594350632438376,0.049826088422946314,0.00011969146934131844,12,0.4,0.0,0.0,0.0,0.0,0.4,0.10666186852010345,0.2127596452964393
B,0.4,gaussian_map,1,40260802,0,0.0,0.0,1.0,0.4,0.3993532245603603,0.9999333743244705,0.050109375,0.01998958333333333,12,0.4,0.0,0.0,0.0,0.0,0.4,0.10666186852010345,0.2127596452964393
B,0.4,gaussian_map,1,40260802,1,0.06544984694978735,0.020833333333333332,0.8877910199906281,0.35511640799625127,0.3620297815568811,0.9991421860982501,0.049630423611437935,0.018103308677232297,12,0.4,0.0,0.0,0.0,0.0,0.4,0.10666186852010345,0.2127596452964393
B,0.4,gaussian_map,1,40260802,2,0.1308996938995747,0.041666666666666664,0.5940438203443975,0.23761752813775902,0.2383390243958834,0.9994135651495987,0.04995201657399789,0.011856531000648145,12,0.4,0.0,0.0,0.0,0.0,0.4,0.10666186852010345,0.2127596452964393
B,0.4,gaussian_map,1,40260802,4,0.2617993877991494,0.08333333333333333,-0.08333333333333323,-0.03333333333333329,-0.038537521979981164,0.9901752330807894,0.0491521092179041,-0.001893977095963769,12,0.4,0.0,0.0,0.0,0.0,0.4,0.10666186852010345,0.2127596452964393
B,0.4,gaussian_map,1,40260802,6,0.39269908169872414,0.125,-0.2511391455052437,-0.10045565820209748,-0.10857640903392171,0.9996634462533841,0.05055723348243735,-0.0054817533556411726,12,0.4,0.0,0.0,0.0,0.0,0.4,0.10666186852010345,0.2127596452964393
B,0.4,gaussian_map,1,40260802,8,0.5235987755982988,0.16666666666666666,-5.551115123125783e-17,-2.2204460492503132e-17,-0.004221014458645877,0.09015853771082383,0.05054710172594832,-0.00021324107469062215,12,0.4,0.0,0.0,0.0,0.0,0.4,0.10666186852010345,0.2127596452964393
B,0.4,gaussian_map,2,40260803,0,0.0,0.0,1.0,0.4,0.4050793908814958,0.9995969771210511,0.05040625,0.020526041666666665,12,0.4,0.0,0.0,0.0,0.0,0.4,0.10666186852010345,0.2127596452964393
B,0.4,gaussian_map,2,40260803,1,0.06544984694978735,0.020833333333333332,0.8877910199906281,0.35511640799625127,0.3618790449928839,0.9997141626684266,0.05044082411573783,0.018303250079061875,12,0.4,0.0,0.0,0.0,0.0,0.4,0.10666186852010345,0.2127596452964393
B,0.4,gaussian_map,2,40260803,2,0.1308996938995747,0.041666666666666664,0.5940438203443975,0.23761752813775902,0.2389001384659107,0.9998079286235189,0.049584994596615396,0.011831522145948601,12,0.4,0.0,0.0,0.0,0.0,0.4,0.10666186852010345,0.2127596452964393
B,0.4,gaussian_map,2,40260803,4,0.2617993877991494,0.08333333333333333,-0.08333333333333323,-0.03333333333333329,-0.037759666098895195,0.9948076526444647,0.04946900826396851,-0.0018658723964870179,12,0.4,0.0,0.0,0.0,0.0,0.4,0.10666186852010345,0.2127596452964393
B,0.4,gaussian_map,2,40260803,6,0.39269908169872414,0.125,-0.2511391455052437,-0.10045565820209748,-0.10293889600454663,0.9853919428938395,0.05033396434212141,-0.005234319177662966,12,0.4,0.0,0.0,0.0,0.0,0.4,0.10666186852010345,0.2127596452964393
B,0.4,gaussian_map,2,40260803,8,0.5235987755982988,0.16666666666666666,-5.551115123125783e-17,-2.2204460492503132e-17,-0.006294882692219156,0.7331028665473995,0.04895357896839143,-0.0003070912720159705,12,0.4,0.0,0.0,0.0,0.0,0.4,0.10666186852010345,0.2127596452964393
B,0.4,gaussian_map,3,40260804,0,0.0,0.0,1.0,0.4,0.4035342804495998,0.9998552038677881,0.04923958333333334,0.019807291666666664,12,0.4,0.0,0.0,0.0,0.0,0.4,0.10666186852010345,0.2127596452964393
B,0.4,gaussian_map,3,40260804,1,0.06544984694978735,0.020833333333333332,0.8877910199906281,0.35511640799625127,0.357679316666729,0.9989465602181633,0.05041458646467496,0.017949404502486627,12,0.4,0.0,0.0,0.0,0.0,0.4,0.10666186852010345,0.2127596452964393
B,0.4,gaussian_map,3,40260804,2,0.1308996938995747,0.041666666666666664,0.5940438203443975,0.23761752813775902,0.22931618858971967,0.9993798854754985,0.04982419081164699,0.011409613727235072,12,0.4,0.0,0.0,0.0,0.0,0.4,0.10666186852010345,0.2127596452964393
B,0.4,gaussian_map,3,40260804,4,0.2617993877991494,0.08333333333333333,-0.08333333333333323,-0.03333333333333329,-0.03929946876042707,0.9963002265376898,0.050509642667317424,-0.001985397382341482,12,0.4,0.0,0.0,0.0,0.0,0.4,0.10666186852010345,0.2127596452964393
B,0.4,gaussian_map,3,40260804,6,0.39269908169872414,0.125,-0.2511391455052437,-0.10045565820209748,-0.09921859841244562,0.9911495410173476,0.04947202671571432,-0.00486697067715202,12,0.4,0.0,0.0,0.0,0.0,0.4,0.10666186852010345,0.2127596452964393
B,0.4,gaussian_map,3,40260804,8,0.5235987755982988,0.16666666666666666,-5.551115123125783e-17,-2.2204460492503132e-17,0.0028244313696978115,-0.1559824403036878,0.049679106417293624,0.00014144623255090078,12,0.4,0.0,0.0,0.0,0.0,0.4,0.10666186852010345,0.2127596452964393
B,0.4,gaussian_map,4,40260805,0,0.0,0.0,1.0,0.4,0.3948254323762093,0.9995337214744164,0.049979166666666665,0.019635416666666666,12,0.4,0.0,0.0,0.0,0.0,0.4,0.10666186852010345,0.2127596452964393
B,0.4,gaussian_map,4,40260805,1,0.06544984694978735,0.020833333333333332,0.8877910199906281,0.35511640799625127,0.3515346644463857,0.998666884211657,0.05017501885528134,0.017561252665457938,12,0.4,0.0,0.0,0.0,0.0,0.4,0.10666186852010345,0.2127596452964393
B,0.4,gaussian_map,4,40260805,2,0.1308996938995747,0.041666666666666664,0.5940438203443975,0.23761752813775902,0.24739575796581562,0.999502272543734,0.05006326365570011,0.0124323780476692,12,0.4,0.0,0.0,0.0,0.0,0.4,0.10666186852010345,0.2127596452964393
B,0.4,gaussian_map,4,40260805,4,0.2617993877991494,0.08333333333333333,-0.08333333333333323,-0.03333333333333329,-0.025243963230741205,0.8960990895896254,0.05124466746848367,-0.0013021755034014226,12,0.4,0.0,0.0,0.0,0.0,0.4,0.10666186852010345,0.2127596452964393
B,0.4,gaussian_map,4,40260805,6,0.39269908169872414,0.125,-0.2511391455052437,-0.10045565820209748,-0.11554210718292447,0.998731861779613,0.05070192174772467,-0.005838153067011499,12,0.4,0.0,0.0,0.0,0.0,0.4,0.10666186852010345,0.2127596452964393
B,0.4,gaussian_map,4,40260805,8,0.5235987755982988,0.16666666666666666,-5.551115123125783e-17,-2.2204460492503132e-17,-0.00847617729979106,0.505683966822698,0.050300640746387446,-0.00042715668286627046,12,0.4,0.0,0.0,0.0,0.0,0.4,0.10666186852010345,0.2127596452964393
B,0.4,gaussian_map,5,40260806,0,0.0,0.0,1.0,0.4,0.3989778378499486,0.9996336660938518,0.049463541666666666,0.01984375,12,0.4,0.0,0.0,0.0,0.0,0.4,0.10666186852010345,0.2127596452964393
B,0.4,gaussian_map,5,40260806,1,0.06544984694978735,0.020833333333333332,0.8877910199906281,0.35511640799625127,0.34979625203430137,0.9999797263411978,0.049989848330751575,0.017487854684519362,12,0.4,0.0,0.0,0.0,0.0,0.4,0.10666186852010345,0.2127596452964393
B,0.4,gaussian_map,5,40260806,2,0.1308996938995747,0.041666666666666664,0.5940438203443975,0.23761752813775902,0.22808177721745918,0.999556944525107,0.0490064576055626,0.011192503614458782,12,0.4,0.0,0.0,0.0,0.0,0.4,0.10666186852010345,0.2127596452964393
B,0.4,gaussian_map,5,40260806,4,0.2617993877991494,0.08333333333333333,-0.08333333333333323,-0.03333333333333329,-0.036535889870269116,0.9896230068487761,0.04959511252810378,-0.0018082358273593731,12,0.4,0.0,0.0,0.0,0.0,0.4,0.10666186852010345,0.2127596452964393
B,0.4,gaussian_map,5,40260806,6,0.39269908169872414,0.125,-0.2511391455052437,-0.10045565820209748,-0.09074738040613992,0.9988034050849675,0.04856781179002739,-0.00440273818827694,12,0.4,0.0,0.0,0.0,0.0,0.4,0.10666186852010345,0.2127596452964393
B,0.4,gaussian_map,5,40260806,8,0.5235987755982988,0.16666666666666666,-5.551115123125783e-17,-2.2204460492503132e-17,0.003789669109777809,0.6466656821919123,0.05070233009874673,0.0001927083333333335,12,0.4,0.0,0.0,0.0,0.0,0.4,0.10666186852010345,0.2127596452964393
B,0.4,gaussian_map,6,40260807,0,0.0,0.0,1.0,0.4,0.3918435104985229,0.9997169291674728,0.049796875000000004,0.019432291666666664,12,0.4,0.0,0.0,0.0,0.0,0.4,0.10666186852010345,0.2127596452964393
B,0.4,gaussian_map,6,40260807,1,0.06544984694978735,0.020833333333333332,0.8877910199906281,0.35511640799625127,0.3435035569860642,0.9991641650998148,0.05020833674450276,0.01713293237825345,12,0.4,0.0,0.0,0.0,0.0,0.4,0.10666186852010345,0.2127596452964393
B,0.4,gaussian_map,6,40260807,2,0.1308996938995747,0.041666666666666664,0.5940438203443975,0.23761752813775902,0.23017229327831917,0.9992469077699411,0.050313072548278,0.01154726578147747,12,0.4,0.0,0.0,0.0,0.0,0.4,0.10666186852010345,0.2127596452964393
B,0.4,gaussian_map,6,40260807,4,0.2617993877991494,0.08333333333333333,-0.08333333333333323,-0.03333333333333329,-0.0303436501738722,0.9814842109945118,0.04995285917072863,-0.0015202424221687216,12,0.4,0.0,0.0,0.0,0.0,0.4,0.10666186852010345,0.2127596452964393
B,0.4,gaussian_map,6,40260807,6,0.39269908169872414,0.125,-0.2511391455052437,-0.10045565820209748,-0.09465905519649763,0.998948522054883,0.05051049157005144,-0.004794082876076158,12,0.4,0.0,0.0,0.0,0.0,0.4,0.10666186852010345,0.2127596452964393
B,0.4,gaussian_map,6,40260807,8,0.5235987755982988,0.16666666666666666,-5.551115123125783e-17,-2.2204460492503132e-17,0.007071486756819661,0.6189609849579777,0.049925393849996225,0.00035192301761277617,12,0.4,0.0,0.0,0.0,0.0,0.4,0.10666186852010345,0.2127596452964393
B,0.4,gaussian_map,7,40260808,0,0.0,0.0,1.0,0.4,0.3961201189216509,0.9997451392112915,0.05029166666666666,0.019859375,12,0.4,0.0,0.0,0.0,0.0,0.4,0.10666186852010345,0.2127596452964393
B,0.4,gaussian_map,7,40260808,1,0.06544984694978735,0.020833333333333332,0.8877910199906281,0.35511640799625127,0.34784370529461517,0.9990905092163863,0.04960324317986906,0.017148820046867956,12,0.4,0.0,0.0,0.0,0.0,0.4,0.10666186852010345,0.2127596452964393
B,0.4,gaussian_map,7,40260808,2,0.1308996938995747,0.041666666666666664,0.5940438203443975,0.23761752813775902,0.24676178659685838,0.9999583172124955,0.050118623388059155,0.012361081071249233,12,0.4,0.0,0.0,0.0,0.0,0.4,0.10666186852010345,0.2127596452964393
B,0.4,gaussian_map,7,40260808,4,0.2617993877991494,0.08333333333333333,-0.08333333333333323,-0.03333333333333329,-0.034032786635416375,0.9687472493041388,0.05022432214026241,-0.0017017169370516293,12,0.4,0.0,0.0,0.0,0.0,0.4,0.10666186852010345,0.2127596452964393
B,0.4,gaussian_map,7,40260808,6,0.39269908169872414,0.125,-0.2511391455052437,-0.10045565820209748,-0.09661914562907996,0.9972589472247622,0.04865337995416842,-0.004708220545815014,12,0.4,0.0,0.0,0.0,0.0,0.4,0.10666186852010345,0.2127596452964393
B,0.4,gaussian_map,7,40260808,8,0.5235987755982988,0.16666666666666666,-5.551115123125783e-17,-2.2204460492503132e-17,-0.0016443905499346446,-0.17602341584967895,0.049752023083960296,-8.166402043912118e-05,12,0.4,0.0,0.0,0.0,0.0,0.4,0.10666186852010345,0.2127596452964393
B,0.4,microscopic,0,40260801,0,0.0,0.0,1.0,0.4,0.39519884613851447,0.981226642233343,0.05056770833333333,0.020515625,12,0.4,0.0,0.0,0.0,0.0,0.4,0.10666186852010345,0.2127596452964393
B,0.4,microscopic,0,40260801,1,0.06544984694978735,0.020833333333333332,0.8877910199906281,0.35511640799625127,0.3588126284100311,0.9959944356718128,0.051304933694013344,0.018477792058463536,12,0.4,0.0,0.0,0.0,0.0,0.4,0.10666186852010345,0.2127596452964393
B,0.4,microscopic,0,40260801,2,0.1308996938995747,0.041666666666666664,0.5940438203443975,0.23761752813775902,0.23653827664917607,0.9883799132485968,0.05024222462257277,0.011768140219625392,12,0.4,0.0,0.0,0.0,0.0,0.4,0.10666186852010345,0.2127596452964393
B,0.4,microscopic,0,40260801,4,0.2617993877991494,0.08333333333333333,-0.08333333333333323,-0.03333333333333329,-0.05203074997559836,-0.3808793072849861,0.05018090646241991,-0.0025880564624945427,12,0.4,0.0,0.0,0.0,0.0,0.4,0.10666186852010345,0.2127596452964393
B,0.4,microscopic,0,40260801,6,0.39269908169872414,0.125,-0.2511391455052437,-0.10045565820209748,-0.08634281007489127,0.8032931271546663,0.04996702252642615,-0.004162313866845768,12,0.4,0.0,0.0,0.0,0.0,0.4,0.10666186852010345,0.2127596452964393
B,0.4,microscopic,0,40260801,8,0.5235987755982988,0.16666666666666666,-5.551115123125783e-17,-2.2204460492503132e-17,-0.005716815844311409,-0.13331330922087892,0.049826088422946314,-0.0002762152135249523,12,0.4,0.0,0.0,0.0,0.0,0.4,0.10666186852010345,0.2127596452964393
B,0.4,microscopic,1,40260802,0,0.0,0.0,1.0,0.4,0.392715466499944,0.983203740389356,0.050109375,0.019697916666666666,12,0.4,0.0,0.0,0.0,0.0,0.4,0.10666186852010345,0.2127596452964393
B,0.4,microscopic,1,40260802,1,0.06544984694978735,0.020833333333333332,0.8877910199906281,0.35511640799625127,0.3609481670429396,0.9958526156384974,0.049630423611437935,0.017843918447250688,12,0.4,0.0,0.0,0.0,0.0,0.4,0.10666186852010345,0.2127596452964393
B,0.4,microscopic,1,40260802,2,0.1308996938995747,0.041666666666666664,0.5940438203443975,0.23761752813775902,0.23932720399455348,0.8678615791074873,0.04995201657399789,0.011608160574399184,12,0.4,0.0,0.0,0.0,0.0,0.4,0.10666186852010345,0.2127596452964393
B,0.4,microscopic,1,40260802,4,0.2617993877991494,0.08333333333333333,-0.08333333333333323,-0.03333333333333329,-0.030172128145712945,0.3356708283115625,0.0491521092179041,-0.0014901873158975924,12,0.4,0.0,0.0,0.0,0.0,0.4,0.10666186852010345,0.2127596452964393
B,0.4,microscopic,1,40260802,6,0.39269908169872414,0.125,-0.2511391455052437,-0.10045565820209748,-0.07585532972215743,0.7695488520078302,0.05055723348243735,-0.0037152538215348267,12,0.4,0.0,0.0,0.0,0.0,0.4,0.10666186852010345,0.2127596452964393
B,0.4,microscopic,1,40260802,8,0.5235987755982988,0.16666666666666666,-5.551115123125783e-17,-2.2204460492503132e-17,0.006053796504330635,-0.02566855037192428,0.05054710172594832,0.0003136951740598825,12,0.4,0.0,0.0,0.0,0.0,0.4,0.10666186852010345,0.2127596452964393
B,0.4,microscopic,2,40260803,0,0.0,0.0,1.0,0.4,0.41510285697849597,0.9641721528513536,0.05040625,0.02206770833333333,12,0.4,0.0,0.0,0.0,0.0,0.4,0.10666186852010345,0.2127596452964393
B,0.4,microscopic,2,40260803,1,0.06544984694978735,0.020833333333333332,0.8877910199906281,0.35511640799625127,0.3539972175183182,0.9897706161491648,0.05044082411573783,0.01810624129728807,12,0.4,0.0,0.0,0.0,0.0,0.4,0.10666186852010345,0.2127596452964393
B,0.4,microscopic,2,40260803,2,0.1308996938995747,0.041666666666666664,0.5940438203443975,0.23761752813775902,0.23663291616137724,0.9914856143870071,0.049584994596615396,0.01154397539916312,12,0.4,0.0,0.0,0.0,0.0,0.4,0.10666186852010345,0.2127596452964393
B,0.4,microscopic,2,40260803,4,0.2617993877991494,0.08333333333333333,-0.08333333333333323,-0.03333333333333329,-0.06781086901879768,0.32562515866436714,0.04946900826396851,-0.003167035799185161,12,0.4,0.0,0.0,0.0,0.0,0.4,0.10666186852010345,0.2127596452964393
B,0.4,microscopic,2,40260803,6,0.39269908169872414,0.125,-0.2511391455052437,-0.10045565820209748,-0.09918976621529098,0.7667148933494643,0.05033396434212141,-0.005079416482299573,12,0.4,0.0,0.0,0.0,0.0,0.4,0.10666186852010345,0.2127596452964393
B,0.4,microscopic,2,40260803,8,0.5235987755982988,0.16666666666666666,-5.551115123125783e-17,-2.2204460492503132e-17,-0.005106057344701436,-0.3516323026995658,0.04895357896839143,-0.00027865925722953867,12,0.4,0.0,0.0,0.0,0.0,0.4,0.10666186852010345,0.2127596452964393
B,0.4,microscopic,3,40260804,0,0.0,0.0,1.0,0.4,0.37260504408346967,0.9913011209255169,0.04923958333333334,0.018177083333333333,12,0.4,0.0,0.0,0.0,0.0,0.4,0.10666186852010345,0.2127596452964393
B,0.4,microscopic,3,40260804,1,0.06544984694978735,0.020833333333333332,0.8877910199906281,0.35511640799625127,0.37240856851985393,0.948268475773587,0.05041458646467496,0.018437939242179405,12,0.4,0.0,0.0,0.0,0.0,0.4,0.10666186852010345,0.2127596452964393
B,0.4,microscopic,3,40260804,2,0.1308996938995747,0.041666666666666664,0.5940438203443975,0.23761752813775902,0.282701605836624,0.9521927317089716,0.04982419081164699,0.013944697246832125,12,0.4,0.0,0.0,0.0,0.0,0.4,0.10666186852010345,0.2127596452964393
B,0.4,microscopic,3,40260804,4,0.2617993877991494,0.08333333333333333,-0.08333333333333323,-0.03333333333333329,-0.03405984118325802,-3.125519758309281,0.050509642667317424,-0.0017883400585070822,12,0.4,0.0,0.0,0.0,0.0,0.4,0.10666186852010345,0.2127596452964393
B,0.4,microscopic,3,40260804,6,0.39269908169872414,0.125,-0.2511391455052437,-0.10045565820209748,-0.0881177429775441,0.6607728251076628,0.04947202671571432,-0.004308583046919322,12,0.4,0.0,0.0,0.0,0.0,0.4,0.10666186852010345,0.2127596452964393
B,0.4,microscopic,3,40260804,8,0.5235987755982988,0.16666666666666666,-5.551115123125783e-17,-2.2204460492503132e-17,0.004926447176654702,0.0074239001496284596,0.049679106417293624,0.0002589674023712662,12,0.4,0.0,0.0,0.0,0.0,0.4,0.10666186852010345,0.2127596452964393
B,0.4,microscopic,4,40260805,0,0.0,0.0,1.0,0.4,0.3766691874040981,0.9700828012097958,0.049979166666666665,0.01853125,12,0.4,0.0,0.0,0.0,0.0,0.4,0.10666186852010345,0.2127596452964393
B,0.4,microscopic,4,40260805,1,0.06544984694978735,0.020833333333333332,0.8877910199906281,0.35511640799625127,0.4015726985583405,0.9655044002289025,0.05017501885528134,0.019313307290668966,12,0.4,0.0,0.0,0.0,0.0,0.4,0.10666186852010345,0.2127596452964393
B,0.4,microscopic,4,40260805,2,0.1308996938995747,0.041666666666666664,0.5940438203443975,0.23761752813775902,0.2399396310311578,0.9317287016222991,0.05006326365570011,0.012115868519717738,12,0.4,0.0,0.0,0.0,0.0,0.4,0.10666186852010345,0.2127596452964393
B,0.4,microscopic,4,40260805,4,0.2617993877991494,0.08333333333333333,-0.08333333333333323,-0.03333333333333329,-0.017952344973321915,0.25318965550580763,0.05124466746848367,-0.0009402652828531963,12,0.4,0.0,0.0,0.0,0.0,0.4,0.10666186852010345,0.2127596452964393
B,0.4,microscopic,4,40260805,6,0.39269908169872414,0.125,-0.2511391455052437,-0.10045565820209748,-0.10409666595678013,0.9132457372488605,0.05070192174772467,-0.005342151949439014,12,0.4,0.0,0.0,0.0,0.0,0.4,0.10666186852010345,0.2127596452964393
B,0.4,microscopic,4,40260805,8,0.5235987755982988,0.16666666666666666,-5.551115123125783e-17,-2.2204460492503132e-17,-0.004273102511678053,-0.09284416483263014,0.050300640746387446,-0.00020948200565268916,12,0.4,0.0,0.0,0.0,0.0,0.4,0.10666186852010345,0.2127596452964393
B,0.4,microscopic,5,40260806,0,0.0,0.0,1.0,0.4,0.39310561178013514,0.9762520376879279,0.049463541666666666,0.019380208333333333,12,0.4,0.0,0.0,0.0,0.0,0.4,0.10666186852010345,0.2127596452964393
B,0.4,microscopic,5,40260806,1,0.06544984694978735,0.020833333333333332,0.8877910199906281,0.35511640799625127,0.3500965115092677,0.9901784959435743,0.049989848330751575,0.01787690791449134,12,0.4,0.0,0.0,0.0,0.0,0.4,0.10666186852010345,0.2127596452964393
B,0.4,microscopic,5,40260806,2,0.1308996938995747,0.041666666666666664,0.5940438203443975,0.23761752813775902,0.2147642727505559,0.932004953969412,0.0490064576055626,0.010355505059261047,12,0.4,0.0,0.0,0.0,0.0,0.4,0.10666186852010345,0.2127596452964393
B,0.4,microscopic,5,40260806,4,0.2617993877991494,0.08333333333333333,-0.08333333333333323,-0.03333333333333329,-0.020419205205535914,-0.12024242958207343,0.04959511252810378,-0.0010640073010181796,12,0.4,0.0,0.0,0.0,0.0,0.4,0.10666186852010345,0.2127596452964393
B,0.4,microscopic,5,40260806,6,0.39269908169872414,0.125,-0.2511391455052437,-0.10045565820209748,-0.1059067016188015,0.49082779123189135,0.04856781179002739,-0.005030310467434673,12,0.4,0.0,0.0,0.0,0.0,0.4,0.10666186852010345,0.2127596452964393
B,0.4,microscopic,5,40260806,8,0.5235987755982988,0.16666666666666666,-5.551115123125783e-17,-2.2204460492503132e-17,0.021414913857643606,-1.1247849149256495,0.05070233009874673,0.0007247062163512967,12,0.4,0.0,0.0,0.0,0.0,0.4,0.10666186852010345,0.2127596452964393
B,0.4,microscopic,6,40260807,0,0.0,0.0,1.0,0.4,0.39895118929593965,0.9576439255903333,0.049796875000000004,0.019796875,12,0.4,0.0,0.0,0.0,0.0,0.4,0.10666186852010345,0.2127596452964393
B,0.4,microscopic,6,40260807,1,0.06544984694978735,0.020833333333333332,0.8877910199906281,0.35511640799625127,0.3738562940788268,0.9589799909982768,0.05020833674450276,0.018740480165431117,12,0.4,0.0,0.0,0.0,0.0,0.4,0.10666186852010345,0.2127596452964393
B,0.4,microscopic,6,40260807,2,0.1308996938995747,0.041666666666666664,0.5940438203443975,0.23761752813775902,0.2403567249401322,0.791673167405908,0.050313072548278,0.011909794682028935,12,0.4,0.0,0.0,0.0,0.0,0.4,0.10666186852010345,0.2127596452964393
B,0.4,microscopic,6,40260807,4,0.2617993877991494,0.08333333333333333,-0.08333333333333323,-0.03333333333333329,-0.03177881175000777,0.43032342738872364,0.04995285917072863,-0.0015420048910256274,12,0.4,0.0,0.0,0.0,0.0,0.4,0.10666186852010345,0.2127596452964393
B,0.4,microscopic,6,40260807,6,0.39269908169872414,0.125,-0.2511391455052437,-0.10045565820209748,-0.1160415925879748,0.867154894214196,0.05051049157005144,-0.0058054805021548065,12,0.4,0.0,0.0,0.0,0.0,0.4,0.10666186852010345,0.2127596452964393
B,0.4,microscopic,6,40260807,8,0.5235987755982988,0.16666666666666666,-5.551115123125783e-17,-2.2204460492503132e-17,0.01740180907802237,-0.011030133882660387,0.049925393849996225,0.0008740517223313402,12,0.4,0.0,0.0,0.0,0.0,0.4,0.10666186852010345,0.2127596452964393
B,0.4,microscopic,7,40260808,0,0.0,0.0,1.0,0.4,0.4196255681326989,0.9816322900496598,0.05029166666666666,0.020848958333333334,12,0.4,0.0,0.0,0.0,0.0,0.4,0.10666186852010345,0.2127596452964393
B,0.4,microscopic,7,40260808,1,0.06544984694978735,0.020833333333333332,0.8877910199906281,0.35511640799625127,0.35499936749645006,0.9840311516265793,0.04960324317986906,0.0173605013083544,12,0.4,0.0,0.0,0.0,0.0,0.4,0.10666186852010345,0.2127596452964393
B,0.4,microscopic,7,40260808,2,0.1308996938995747,0.041666666666666664,0.5940438203443975,0.23761752813775902,0.2128189482029321,0.9561197081542271,0.050118623388059155,0.010574909377834995,12,0.4,0.0,0.0,0.0,0.0,0.4,0.10666186852010345,0.2127596452964393
B,0.4,microscopic,7,40260808,4,0.2617993877991494,0.08333333333333333,-0.08333333333333323,-0.03333333333333329,-0.04027618896972975,0.8071517075891631,0.05022432214026241,-0.0020163017213055234,12,0.4,0.0,0.0,0.0,0.0,0.4,0.10666186852010345,0.2127596452964393
B,0.4,microscopic,7,40260808,6,0.39269908169872414,0.125,-0.2511391455052437,-0.10045565820209748,-0.09810233721075799,0.7954367961189882,0.04865337995416842,-0.004618728897181816,12,0.4,0.0,0.0,0.0,0.0,0.4,0.10666186852010345,0.2127596452964393
B,0.4,microscopic,7,40260808,8,0.5235987755982988,0.16666666666666666,-5.551115123125783e-17,-2.2204460492503132e-17,-0.017011919755157402,-0.43775931483108055,0.049752023083960296,-0.0008277242106986077,12,0.4,0.0,0.0,0.0,0.0,0.4,0.10666186852010345,0.2127596452964393
B,0.6,gaussian_map,0,41260801,0,0.0,0.0,1.0,0.6,0.6035015424419438,0.9997612607105311,0.05018229166666667,0.030239583333333334,12,0.6,0.0,0.0,0.0,0.0,0.6,0.15999280278015515,0.2127596452964393
B,0.6,gaussian_map,0,41260801,1,0.06544984694978735,0.020833333333333332,0.8877910199906281,0.5326746119943768,0.5195177873521014,0.9997948465043033,0.049748697832325946,0.025858999885734164,12,0.6,0.0,0.0,0.0,0.0,0.6,0.15999280278015515,0.2127596452964393
B,0.6,gaussian_map,0,41260801,2,0.1308996938995747,0.041666666666666664,0.5940438203443975,0.3564262922066385,0.3512395795528513,0.9996080581749893,0.050528331008827115,0.01765810239251588,12,0.6,0.0,0.0,0.0,0.0,0.6,0.15999280278015515,0.2127596452964393
B,0.6,gaussian_map,0,41260801,4,0.2617993877991494,0.08333333333333333,-0.08333333333333323,-0.04999999999999994,-0.04501531583773838,0.9545370409609663,0.05067733172354128,-0.0022881590836591865,12,0.6,0.0,0.0,0.0,0.0,0.6,0.15999280278015515,0.2127596452964393
B,0.6,gaussian_map,0,41260801,6,0.39269908169872414,0.125,-0.2511391455052437,-0.1506834873031462,-0.14425803822133523,0.9967476521808528,0.05051642755068717,-0.007313738951789638,12,0.6,0.0,0.0,0.0,0.0,0.6,0.15999280278015515,0.2127596452964393
B,0.6,gaussian_map,0,41260801,8,0.5235987755982988,0.16666666666666666,-5.551115123125783e-17,-3.3306690738754695e-17,0.0042492646930641295,0.3547537685840658,0.05003681210439942,0.00021299417829939943,12,0.6,0.0,0.0,0.0,0.0,0.6,0.15999280278015515,0.2127596452964393
B,0.6,gaussian_map,1,41260802,0,0.0,0.0,1.0,0.6,0.590602560452111,0.9995585685072609,0.05084375,0.0298125,12,0.6,0.0,0.0,0.0,0.0,0.6,0.15999280278015515,0.2127596452964393
B,0.6,gaussian_map,1,41260802,1,0.06544984694978735,0.020833333333333332,0.8877910199906281,0.5326746119943768,0.5271705522966456,0.9986382159444543,0.049504247735641195,0.026163712063898704,12,0.6,0.0,0.0,0.0,0.0,0.6,0.15999280278015515,0.2127596452964393
B,0.6,gaussian_map,1,41260802,2,0.1308996938995747,0.041666666666666664,0.5940438203443975,0.3564262922066385,0.3378484044870185,0.9996897978684884,0.050135302478311966,0.01694399649471776,12,0.6,0.0,0.0,0.0,0.0,0.6,0.15999280278015515,0.2127596452964393
B,0.6,gaussian_map,1,41260802,4,0.2617993877991494,0.08333333333333333,-0.08333333333333323,-0.04999999999999994,-0.06413185341835412,0.9898625090930627,0.050751440281303295,-0.003271563265871317,12,0.6,0.0,0.0,0.0,0.0,0.6,0.15999280278015515,0.2127596452964393
B,0.6,gaussian_map,1,41260802,6,0.39269908169872414,0.125,-0.2511391455052437,-0.1506834873031462,-0.13727262534292287,0.9976299141840302,0.04969697918458721,-0.0067856648617550435,12,0.6,0.0,0.0,0.0,0.0,0.6,0.15999280278015515,0.2127596452964393
B,0.6,gaussian_map,1,41260802,8,0.5235987755982988,0.16666666666666666,-5.551115123125783e-17,-3.3306690738754695e-17,-0.01519065647017379,-0.00945064598014067,0.04977813810015989,-0.0007642025834970105,12,0.6,0.0,0.0,0.0,0.0,0.6,0.15999280278015515,0.2127596452964393
B,0.6,gaussian_map,2,41260803,0,0.0,0.0,1.0,0.6,0.5899562278271195,0.9993036841301804,0.04911458333333333,0.02902604166666667,12,0.6,0.0,0.0,0.0,0.0,0.6,0.15999280278015515,0.2127596452964393
B,0.6,gaussian_map,2,41260803,1,0.06544984694978735,0.020833333333333332,0.8877910199906281,0.5326746119943768,0.5237507536053131,0.9997430624766714,0.05011233493418058,0.026389429133455978,12,0.6,0.0,0.0,0.0,0.0,0.6,0.15999280278015515,0.2127596452964393
B,0.6,gaussian_map,2,41260803,2,0.1308996938995747,0.041666666666666664,0.5940438203443975,0.3564262922066385,0.3609414098646733,0.9985579706906316,0.04967251704225624,0.017934881793729516,12,0.6,0.0,0.0,0.0,0.0,0.6,0.15999280278015515,0.2127596452964393
B,0.6,gaussian_map,2,41260803,4,0.2617993877991494,0.08333333333333333,-0.08333333333333323,-0.04999999999999994,-0.048522021504669006,0.999656194439466,0.050487438535875936,-0.0024479407759769875,12,0.6,0.0,0.0,0.0,0.0,0.6,0.15999280278015515,0.2127596452964393
B,0.6,gaussian_map,2,41260803,6,0.39269908169872414,0.125,-0.2511391455052437,-0.1506834873031462,-0.15335611915813152,0.9982853542151804,0.05083786512771028,-0.007816021141486277,12,0.6,0.0,0.0,0.0,0.0,0.6,0.15999280278015515,0.2127596452964393
B,0.6,gaussian_map,2,41260803,8,0.5235987755982988,0.16666666666666666,-5.551115123125783e-17,-3.3306690738754695e-17,-0.003328484274203247,0.061717325977547643,0.04948141699307007,-0.00016462341226347252,12,0.6,0.0,0.0,0.0,0.0,0.6,0.15999280278015515,0.2127596452964393
B,0.6,gaussian_map,3,41260804,0,0.0,0.0,1.0,0.6,0.5876687277438898,0.997494228448174,0.05022395833333333,0.02925520833333333,12,0.6,0.0,0.0,0.0,0.0,0.6,0.15999280278015515,0.2127596452964393
B,0.6,gaussian_map,3,41260804,1,0.06544984694978735,0.020833333333333332,0.8877910199906281,0.5326746119943768,0.5063205251277457,0.9997387784875597,0.051584793436383836,0.02599711987662162,12,0.6,0.0,0.0,0.0,0.0,0.6,0.15999280278015515,0.2127596452964393
B,0.6,gaussian_map,3,41260804,2,0.1308996938995747,0.041666666666666664,0.5940438203443975,0.3564262922066385,0.36426973475075547,0.999183269547241,0.04932096125519503,0.017971043684538092,12,0.6,0.0,0.0,0.0,0.0,0.6,0.15999280278015515,0.2127596452964393
B,0.6,gaussian_map,3,41260804,4,0.2617993877991494,0.08333333333333333,-0.08333333333333323,-0.04999999999999994,-0.05064078072539029,0.9937449166521048,0.04955114840144329,-0.002507409048250556,12,0.6,0.0,0.0,0.0,0.0,0.6,0.15999280278015515,0.2127596452964393
B,0.6,gaussian_map,3,41260804,6,0.39269908169872414,0.125,-0.2511391455052437,-0.1506834873031462,-0.1460377257121004,0.998673950405792,0.05043190008566323,-0.00737329627279096,12,0.6,0.0,0.0,0.0,0.0,0.6,0.15999280278015515,0.2127596452964393
B,0.6,gaussian_map,3,41260804,8,0.5235987755982988,0.16666666666666666,-5.551115123125783e-17,-3.3306690738754695e-17,-0.013389633135565553,0.7417201282664714,0.0501656982185551,-0.0006722489415089817,12,0.6,0.0,0.0,0.0,0.0,0.6,0.15999280278015515,0.2127596452964393
B,0.6,gaussian_map,4,41260805,0,0.0,0.0,1.0,0.6,0.5972151740265901,0.9998475321503915,0.0504375,0.030119791666666663,12,0.6,0.0,0.0,0.0,0.0,0.6,0.15999280278015515,0.2127596452964393
B,0.6,gaussian_map,4,41260805,1,0.06544984694978735,0.020833333333333332,0.8877910199906281,0.5326746119943768,0.5253912294601409,0.9992857765289851,0.04957962491351662,0.025822829356009967,12,0.6,0.0,0.0,0.0,0.0,0.6,0.15999280278015515,0.2127596452964393
B,0.6,gaussian_map,4,41260805,2,0.1308996938995747,0.041666666666666664,0.5940438203443975,0.3564262922066385,0.3579025801365279,0.9996084795182497,0.05012073609820333,0.01801832906354802,12,0.6,0.0,0.0,0.0,0.0,0.6,0.15999280278015515,0.2127596452964393
B,0.6,gaussian_map,4,41260805,4,0.2617993877991494,0.08333333333333333,-0.08333333333333323,-0.04999999999999994,-0.04146703113001735,0.859598405702733,0.04956228368010375,-0.002076692508710368,12,0.6,0.0,0.0,0.0,0.0,0.6,0.15999280278015515,0.2127596452964393
B,0.6,gaussian_map,4,41260805,6,0.39269908169872414,0.125,-0.2511391455052437,-0.1506834873031462,-0.158214869310209,0.9993812736378695,0.05091939360563944,-0.008032753948244823,12,0.6,0.0,0.0,0.0,0.0,0.6,0.15999280278015515,0.2127596452964393
B,0.6,gaussian_map,4,41260805,8,0.5235987755982988,0.16666666666666666,-5.551115123125783e-17,-3.3306690738754695e-17,-0.01301841600821777,0.9958574100718547,0.050709882278459295,-0.000660336508806388,12,0.6,0.0,0.0,0.0,0.0,0.6,0.15999280278015515,0.2127596452964393
B,0.6,gaussian_map,5,41260806,0,0.0,0.0,1.0,0.6,0.5905524186718601,0.9996007473196125,0.049588541666666666,0.029119791666666662,12,0.6,0.0,0.0,0.0,0.0,0.6,0.15999280278015515,0.2127596452964393
B,0.6,gaussian_map,5,41260806,1,0.06544984694978735,0.020833333333333332,0.8877910199906281,0.5326746119943768,0.5240388416279814,0.9992959899869165,0.04961795217604407,0.02581406044907867,12,0.6,0.0,0.0,0.0,0.0,0.6,0.15999280278015515,0.2127596452964393
B,0.6,gaussian_map,5,41260806,2,0.1308996938995747,0.041666666666666664,0.5940438203443975,0.3564262922066385,0.35755759124120945,0.9981958523068863,0.050547001492704614,0.017882065256766957,12,0.6,0.0,0.0,0.0,0.0,0.6,0.15999280278015515,0.2127596452964393
B,0.6,gaussian_map,5,41260806,4,0.2617993877991494,0.08333333333333333,-0.08333333333333323,-0.04999999999999994,-0.041350768693502474,0.953973527010134,0.0500887460456426,-0.0020681575608578412,12,0.6,0.0,0.0,0.0,0.0,0.6,0.15999280278015515,0.2127596452964393
B,0.6,gaussian_map,5,41260806,6,0.39269908169872414,0.125,-0.2511391455052437,-0.1506834873031462,-0.15189801479046902,0.9990287847717422,0.050054820140658804,-0.007620959299297397,12,0.6,0.0,0.0,0.0,0.0,0.6,0.15999280278015515,0.2127596452964393
B,0.6,gaussian_map,5,41260806,8,0.5235987755982988,0.16666666666666666,-5.551115123125783e-17,-3.3306690738754695e-17,0.010075686033468902,0.5132570919568309,0.05008862169354912,0.000501943057077846,12,0.6,0.0,0.0,0.0,0.0,0.6,0.15999280278015515,0.2127596452964393
B,0.6,gaussian_map,6,41260807,0,0.0,0.0,1.0,0.6,0.5937892130429864,0.9990177118492894,0.05010416666666667,0.0295625,12,0.6,0.0,0.0,0.0,0.0,0.6,0.15999280278015515,0.2127596452964393
B,0.6,gaussian_map,6,41260807,1,0.06544984694978735,0.020833333333333332,0.8877910199906281,0.5326746119943768,0.5137941408478821,0.9993094672139122,0.050354077490124584,0.02581108820571841,12,0.6,0.0,0.0,0.0,0.0,0.6,0.15999280278015515,0.2127596452964393
B,0.6,gaussian_map,6,41260807,2,0.1308996938995747,0.041666666666666664,0.5940438203443975,0.3564262922066385,0.34911203916440464,0.9996035971665684,0.05052541502434828,0.017548485671049704,12,0.6,0.0,0.0,0.0,0.0,0.6,0.15999280278015515,0.2127596452964393
B,0.6,gaussian_map,6,41260807,4,0.2617993877991494,0.08333333333333333,-0.08333333333333323,-0.04999999999999994,-0.05430144869819697,0.9925818962548055,0.04902976141533166,-0.0026712691497706204,12,0.6,0.0,0.0,0.0,0.0,0.6,0.15999280278015515,0.2127596452964393
B,0.6,gaussian_map,6,41260807,6,0.39269908169872414,0.125,-0.2511391455052437,-0.1506834873031462,-0.1515690814860878,0.9982912174886366,0.048368770064660754,-0.007360675974564795,12,0.6,0.0,0.0,0.0,0.0,0.6,0.15999280278015515,0.2127596452964393
B,0.6,gaussian_map,6,41260807,8,0.5235987755982988,0.16666666666666666,-5.551115123125783e-17,-3.3306690738754695e-17,0.0072990594092617244,0.4776283659575754,0.0499814634948106,0.0003634615088063881,12,0.6,0.0,0.0,0.0,0.0,0.6,0.15999280278015515,0.2127596452964393
B,0.6,gaussian_map,7,41260808,0,0.0,0.0,1.0,0.6,0.5959812518474817,0.9996685856534563,0.049781250000000006,0.02953125,12,0.6,0.0,0.0,0.0,0.0,0.6,0.15999280278015515,0.2127596452964393
B,0.6,gaussian_map,7,41260808,1,0.06544984694978735,0.020833333333333332,0.8877910199906281,0.5326746119943768,0.5246243348269077,0.998949970723699,0.049710535558224064,0.026290054549873994,12,0.6,0.0,0.0,0.0,0.0,0.6,0.15999280278015515,0.2127596452964393
B,0.6,gaussian_map,7,41260808,2,0.1308996938995747,0.041666666666666664,0.5940438203443975,0.3564262922066385,0.35564750464222267,0.9994729330390488,0.04911322312394276,0.017559945874960563,12,0.6,0.0,0.0,0.0,0.0,0.6,0.15999280278015515,0.2127596452964393
B,0.6,gaussian_map,7,41260808,4,0.2617993877991494,0.08333333333333333,-0.08333333333333323,-0.04999999999999994,-0.045560839703011106,0.9913030722315671,0.0496549263170651,-0.0022667797274129146,12,0.6,0.0,0.0,0.0,0.0,0.6,0.15999280278015515,0.2127596452964393
B,0.6,gaussian_map,7,41260808,6,0.39269908169872414,0.125,-0.2511391455052437,-0.1506834873031462,-0.16803737353751855,0.9996851911566621,0.04848928910872331,-0.008168294013234441,12,0.6,0.0,0.0,0.0,0.0,0.6,0.15999280278015515,0.2127596452964393
B,0.6,gaussian_map,7,41260808,8,0.5235987755982988,0.16666666666666666,-5.551115123125783e-17,-3.3306690738754695e-17,0.009258425083945206,0.23773456781997504,0.0521720480303635,0.0004893095891496996,12,0.6,0.0,0.0,0.0,0.0,0.6,0.15999280278015515,0.2127596452964393
B,0.6,microscopic,0,41260801,0,0.0,0.0,1.0,0.6,0.594165074679588,0.9830091502788193,0.05018229166666667,0.029427083333333333,12,0.6,0.0,0.0,0.0,0.0,0.6,0.15999280278015515,0.2127596452964393
B,0.6,microscopic,0,41260801,1,0.06544984694978735,0.020833333333333332,0.8877910199906281,0.5326746119943768,0.5668966150511037,0.9929301239784386,0.049748697832325946,0.029063116809272607,12,0.6,0.0,0.0,0.0,0.0,0.6,0.15999280278015515,0.2127596452964393
B,0.6,microscopic,0,41260801,2,0.1308996938995747,0.041666666666666664,0.5940438203443975,0.3564262922066385,0.368652924864668,0.955529763179462,0.050528331008827115,0.018296410661804416,12,0.6,0.0,0.0,0.0,0.0,0.6,0.15999280278015515,0.2127596452964393
B,0.6,microscopic,0,41260801,4,0.2617993877991494,0.08333333333333333,-0.08333333333333323,-0.04999999999999994,-0.01845447653721314,0.09528498297455423,0.05067733172354128,-0.0009651284907560283,12,0.6,0.0,0.0,0.0,0.0,0.6,0.15999280278015515,0.2127596452964393
B,0.6,microscopic,0,41260801,6,0.39269908169872414,0.125,-0.2511391455052437,-0.1506834873031462,-0.12988005613322812,0.8966817017065863,0.05051642755068717,-0.006597826605862935,12,0.6,0.0,0.0,0.0,0.0,0.6,0.15999280278015515,0.2127596452964393
B,0.6,microscopic,0,41260801,8,0.5235987755982988,0.16666666666666666,-5.551115123125783e-17,-3.3306690738754695e-17,0.030463470235860653,0.15521272554275534,0.05003681210439942,0.0015265354594491123,12,0.6,0.0,0.0,0.0,0.0,0.6,0.15999280278015515,0.2127596452964393
B,0.6,microscopic,1,41260802,0,0.0,0.0,1.0,0.6,0.5808386765047456,0.9873439911242471,0.05084375,0.029807291666666666,12,0.6,0.0,0.0,0.0,0.0,0.6,0.15999280278015515,0.2127596452964393
B,0.6,microscopic,1,41260802,1,0.06544984694978735,0.020833333333333332,0.8877910199906281,0.5326746119943768,0.4850277492041299,0.9808484577796086,0.049504247735641195,0.02437876394007399,12,0.6,0.0,0.0,0.0,0.0,0.6,0.15999280278015515,0.2127596452964393
B,0.6,microscopic,1,41260802,2,0.1308996938995747,0.041666666666666664,0.5940438203443975,0.3564262922066385,0.3586621985897114,0.9751623683099164,0.050135302478311966,0.018465587622009342,12,0.6,0.0,0.0,0.0,0.0,0.6,0.15999280278015515,0.2127596452964393
B,0.6,microscopic,1,41260802,4,0.2617993877991494,0.08333333333333333,-0.08333333333333323,-0.04999999999999994,-0.036231992122323954,-0.16686780730809514,0.050751440281303295,-0.0018753015953407175,12,0.6,0.0,0.0,0.0,0.0,0.6,0.15999280278015515,0.2127596452964393
B,0.6,microscopic,1,41260802,6,0.39269908169872414,0.125,-0.2511391455052437,-0.1506834873031462,-0.13881329510400162,0.8850756302452363,0.04969697918458721,-0.006888726095139091,12,0.6,0.0,0.0,0.0,0.0,0.6,0.15999280278015515,0.2127596452964393
B,0.6,microscopic,1,41260802,8,0.5235987755982988,0.16666666666666666,-5.551115123125783e-17,-3.3306690738754695e-17,0.009458385132224583,-0.3198894354265105,0.04977813810015989,0.0004675548259401174,12,0.6,0.0,0.0,0.0,0.0,0.6,0.15999280278015515,0.2127596452964393
B,0.6,microscopic,2,41260803,0,0.0,0.0,1.0,0.6,0.5668138121825644,0.9483490827776931,0.04911458333333333,0.027166666666666665,12,0.6,0.0,0.0,0.0,0.0,0.6,0.15999280278015515,0.2127596452964393
B,0.6,microscopic,2,41260803,1,0.06544984694978735,0.020833333333333332,0.8877910199906281,0.5326746119943768,0.5254495344741505,0.9924485193548664,0.05011233493418058,0.026575817686555675,12,0.6,0.0,0.0,0.0,0.0,0.6,0.15999280278015515,0.2127596452964393
B,0.6,microscopic,2,41260803,2,0.1308996938995747,0.041666666666666664,0.5940438203443975,0.3564262922066385,0.37255944557249493,0.9617968513767459,0.04967251704225624,0.018187483733450967,12,0.6,0.0,0.0,0.0,0.0,0.6,0.15999280278015515,0.2127596452964393
B,0.6,microscopic,2,41260803,4,0.2617993877991494,0.08333333333333333,-0.08333333333333323,-0.04999999999999994,-0.02426730704184841,-0.032239617117316266,0.050487438535875936,-0.0011832814389211928,12,0.6,0.0,0.0,0.0,0.0,0.6,0.15999280278015515,0.2127596452964393
B,0.6,microscopic,2,41260803,6,0.39269908169872414,0.125,-0.2511391455052437,-0.1506834873031462,-0.1496241542787752,0.8366269678976117,0.05083786512771028,-0.0075909223112093655,12,0.6,0.0,0.0,0.0,0.0,0.6,0.15999280278015515,0.2127596452964393
B,0.6,microscopic,2,41260803,8,0.5235987755982988,0.16666666666666666,-5.551115123125783e-17,-3.3306690738754695e-17,-0.012871106019891464,-0.2799387889425844,0.04948141699307007,-0.0006702253410539032,12,0.6,0.0,0.0,0.0,0.0,0.6,0.15999280278015515,0.2127596452964393
B,0.6,microscopic,3,41260804,0,0.0,0.0,1.0,0.6,0.5696941639516618,0.9940929543304027,0.05022395833333333,0.028677083333333332,12,0.6,0.0,0.0,0.0,0.0,0.6,0.15999280278015515,0.2127596452964393
B,0.6,microscopic,3,41260804,1,0.06544984694978735,0.020833333333333332,0.8877910199906281,0.5326746119943768,0.51077714331835,0.9836293618687898,0.051584793436383836,0.0267043902274476,12,0.6,0.0,0.0,0.0,0.0,0.6,0.15999280278015515,0.2127596452964393
B,0.6,microscopic,3,41260804,2,0.1308996938995747,0.041666666666666664,0.5940438203443975,0.3564262922066385,0.37520133493386604,0.9592554793417554,0.04932096125519503,0.018428291929564983,12,0.6,0.0,0.0,0.0,0.0,0.6,0.15999280278015515,0.2127596452964393
B,0.6,microscopic,3,41260804,4,0.2617993877991494,0.08333333333333333,-0.08333333333333323,-0.04999999999999994,-0.022086703145817045,-0.37730933283571555,0.04955114840144329,-0.0011389795272636015,12,0.6,0.0,0.0,0.0,0.0,0.6,0.15999280278015515,0.2127596452964393
B,0.6,microscopic,3,41260804,6,0.39269908169872414,0.125,-0.2511391455052437,-0.1506834873031462,-0.14234734441285243,0.842976046936662,0.05043190008566323,-0.007070342808122127,12,0.6,0.0,0.0,0.0,0.0,0.6,0.15999280278015515,0.2127596452964393
B,0.6,microscopic,3,41260804,8,0.5235987755982988,0.16666666666666666,-5.551115123125783e-17,-3.3306690738754695e-17,0.03209714652017956,0.5403289541003453,0.0501656982185551,0.0015992785792574935,12,0.6,0.0,0.0,0.0,0.0,0.6,0.15999280278015515,0.2127596452964393
B,0.6,microscopic,4,41260805,0,0.0,0.0,1.0,0.6,0.609360669681403,0.9882740836933156,0.0504375,0.03015104166666667,12,0.6,0.0,0.0,0.0,0.0,0.6,0.15999280278015515,0.2127596452964393
B,0.6,microscopic,4,41260805,1,0.06544984694978735,0.020833333333333332,0.8877910199906281,0.5326746119943768,0.5230314320000031,0.9853770508299838,0.04957962491351662,0.02688263995125542,12,0.6,0.0,0.0,0.0,0.0,0.6,0.15999280278015515,0.2127596452964393
B,0.6,microscopic,4,41260805,2,0.1308996938995747,0.041666666666666664,0.5940438203443975,0.3564262922066385,0.3372968453328346,0.9788030366789611,0.05012073609820333,0.017279454383595808,12,0.6,0.0,0.0,0.0,0.0,0.6,0.15999280278015515,0.2127596452964393
B,0.6,microscopic,4,41260805,4,0.2617993877991494,0.08333333333333333,-0.08333333333333323,-0.04999999999999994,-0.03751337323772402,0.18560604945551484,0.04956228368010375,-0.0018293386488987696,12,0.6,0.0,0.0,0.0,0.0,0.6,0.15999280278015515,0.2127596452964393
B,0.6,microscopic,4,41260805,6,0.39269908169872414,0.125,-0.2511391455052437,-0.1506834873031462,-0.15540459804696555,0.7317828717445858,0.05091939360563944,-0.007712356336349747,12,0.6,0.0,0.0,0.0,0.0,0.6,0.15999280278015515,0.2127596452964393
B,0.6,microscopic,4,41260805,8,0.5235987755982988,0.16666666666666666,-5.551115123125783e-17,-3.3306690738754695e-17,0.014272978086684698,-0.36821919927235114,0.050709882278459295,0.0007342748026746518,12,0.6,0.0,0.0,0.0,0.0,0.6,0.15999280278015515,0.2127596452964393
B,0.6,microscopic,5,41260806,0,0.0,0.0,1.0,0.6,0.5880086045672267,0.97232772826941,0.049588541666666666,0.02809895833333333,12,0.6,0.0,0.0,0.0,0.0,0.6,0.15999280278015515,0.2127596452964393
B,0.6,microscopic,5,41260806,1,0.06544984694978735,0.020833333333333332,0.8877910199906281,0.5326746119943768,0.5178777345864087,0.9809738794684079,0.04961795217604407,0.026193396977197737,12,0.6,0.0,0.0,0.0,0.0,0.6,0.15999280278015515,0.2127596452964393
B,0.6,microscopic,5,41260806,2,0.1308996938995747,0.041666666666666664,0.5940438203443975,0.3564262922066385,0.37576030140519995,0.8264032455421986,0.050547001492704614,0.01785109537871889,12,0.6,0.0,0.0,0.0,0.0,0.6,0.15999280278015515,0.2127596452964393
B,0.6,microscopic,5,41260806,4,0.2617993877991494,0.08333333333333333,-0.08333333333333323,-0.04999999999999994,-0.04051673974323931,0.35775608120308633,0.0500887460456426,-0.0021020658756310904,12,0.6,0.0,0.0,0.0,0.0,0.6,0.15999280278015515,0.2127596452964393
B,0.6,microscopic,5,41260806,6,0.39269908169872414,0.125,-0.2511391455052437,-0.1506834873031462,-0.13582047805043249,0.7428890625549962,0.050054820140658804,-0.0067346410814436925,12,0.6,0.0,0.0,0.0,0.0,0.6,0.15999280278015515,0.2127596452964393
B,0.6,microscopic,5,41260806,8,0.5235987755982988,0.16666666666666666,-5.551115123125783e-17,-3.3306690738754695e-17,-0.011309005206008233,-0.11263615511230296,0.05008862169354912,-0.00055307811274252,12,0.6,0.0,0.0,0.0,0.0,0.6,0.15999280278015515,0.2127596452964393
B,0.6,microscopic,6,41260807,0,0.0,0.0,1.0,0.6,0.5631635571323936,0.99178098029767,0.05010416666666667,0.028041666666666666,12,0.6,0.0,0.0,0.0,0.0,0.6,0.15999280278015515,0.2127596452964393
B,0.6,microscopic,6,41260807,1,0.06544984694978735,0.020833333333333332,0.8877910199906281,0.5326746119943768,0.4976987531737376,0.9886198710246324,0.050354077490124584,0.02582498613987908,12,0.6,0.0,0.0,0.0,0.0,0.6,0.15999280278015515,0.2127596452964393
B,0.6,microscopic,6,41260807,2,0.1308996938995747,0.041666666666666664,0.5940438203443975,0.3564262922066385,0.3717377307613652,0.9847736363251562,0.05052541502434828,0.018452578073263018,12,0.6,0.0,0.0,0.0,0.0,0.6,0.15999280278015515,0.2127596452964393
B,0.6,microscopic,6,41260807,4,0.2617993877991494,0.08333333333333333,-0.08333333333333323,-0.04999999999999994,-0.05368465169359824,0.4768941462606159,0.04902976141533166,-0.002653671634312143,12,0.6,0.0,0.0,0.0,0.0,0.6,0.15999280278015515,0.2127596452964393
B,0.6,microscopic,6,41260807,6,0.39269908169872414,0.125,-0.2511391455052437,-0.1506834873031462,-0.14603051145283677,0.955229121450258,0.048368770064660754,-0.007048747490695785,12,0.6,0.0,0.0,0.0,0.0,0.6,0.15999280278015515,0.2127596452964393
B,0.6,microscopic,6,41260807,8,0.5235987755982988,0.16666666666666666,-5.551115123125783e-17,-3.3306690738754695e-17,-0.01432135681379034,0.17570513256020548,0.0499814634948106,-0.0006767093918243514,12,0.6,0.0,0.0,0.0,0.0,0.6,0.15999280278015515,0.2127596452964393
B,0.6,microscopic,7,41260808,0,0.0,0.0,1.0,0.6,0.6036807139103242,0.9575447337737526,0.049781250000000006,0.030317708333333332,12,0.6,0.0,0.0,0.0,0.0,0.6,0.15999280278015515,0.2127596452964393
B,0.6,microscopic,7,41260808,1,0.06544984694978735,0.020833333333333332,0.8877910199906281,0.5326746119943768,0.5368982707202291,0.9459001999476236,0.049710535558224064,0.02686845303245231,12,0.6,0.0,0.0,0.0,0.0,0.6,0.15999280278015515,0.2127596452964393
B,0.6,microscopic,7,41260808,2,0.1308996938995747,0.041666666666666664,0.5940438203443975,0.3564262922066385,0.3194961995660564,0.9408376755586332,0.04911322312394276,0.015651008476632318,12,0.6,0.0,0.0,0.0,0.0,0.6,0.15999280278015515,0.2127596452964393
B,0.6,microscopic,7,41260808,4,0.2617993877991494,0.08333333333333333,-0.08333333333333323,-0.04999999999999994,-0.050828480698142116,-0.1902980093048594,0.0496549263170651,-0.0026069777300894146,12,0.6,0.0,0.0,0.0,0.0,0.6,0.15999280278015515,0.2127596452964393
B,0.6,microscopic,7,41260808,6,0.39269908169872414,0.125,-0.2511391455052437,-0.1506834873031462,-0.14939281526943424,0.9545861278159762,0.04848928910872331,-0.007343600101528479,12,0.6,0.0,0.0,0.0,0.0,0.6,0.15999280278015515,0.2127596452964393
B,0.6,microscopic,7,41260808,8,0.5235987755982988,0.16666666666666666,-5.551115123125783e-17,-3.3306690738754695e-17,-0.002178894887024096,-1.980275157126889,0.0521720480303635,-0.0002797077322235468,12,0.6,0.0,0.0,0.0,0.0,0.6,0.15999280278015515,0.2127596452964393
B,0.8,gaussian_map,0,42260801,0,0.0,0.0,1.0,0.8,0.7769658067817592,0.9955320442053566,0.04991145833333333,0.039526041666666664,12,0.8,0.0,0.0,0.0,0.0,0.8,0.2133237370402069,0.2127596452964393
B,0.8,gaussian_map,0,42260801,1,0.06544984694978735,0.020833333333333332,0.8877910199906281,0.7102328159925025,0.6889206398450612,0.9979555528020289,0.04953355638733564,0.034397868026629086,12,0.8,0.0,0.0,0.0,0.0,0.8,0.2133237370402069,0.2127596452964393
B,0.8,gaussian_map,0,42260801,2,0.1308996938995747,0.041666666666666664,0.5940438203443975,0.47523505627551804,0.4626153896729992,0.9994607589103788,0.05030764543693261,0.02329691514928018,12,0.8,0.0,0.0,0.0,0.0,0.8,0.2133237370402069,0.2127596452964393
B,0.8,gaussian_map,0,42260801,4,0.2617993877991494,0.08333333333333333,-0.08333333333333323,-0.06666666666666658,-0.060813056469585965,0.9731040857857284,0.04892090772450221,-0.0029823585029936563,12,0.8,0.0,0.0,0.0,0.0,0.8,0.2133237370402069,0.2127596452964393
B,0.8,gaussian_map,0,42260801,6,0.39269908169872414,0.125,-0.2511391455052437,-0.20091131640419496,-0.20170608860840458,0.9991039016229768,0.05040612409524712,-0.010146916614738277,12,0.8,0.0,0.0,0.0,0.0,0.8,0.2133237370402069,0.2127596452964393
B,0.8,gaussian_map,0,42260801,8,0.5235987755982988,0.16666666666666666,-5.551115123125783e-17,-4.4408920985006264e-17,0.008549712094154128,0.7117269198973721,0.049048797886634944,0.000420005292455091,12,0.8,0.0,0.0,0.0,0.0,0.8,0.2133237370402069,0.2127596452964393
B,0.8,gaussian_map,1,42260802,0,0.0,0.0,1.0,0.8,0.773426153436813,0.9988785690556594,0.05077604166666667,0.039072916666666666,12,0.8,0.0,0.0,0.0,0.0,0.8,0.2133237370402069,0.2127596452964393
B,0.8,gaussian_map,1,42260802,1,0.06544984694978735,0.020833333333333332,0.8877910199906281,0.7102328159925025,0.69041034151898,0.9977034824966646,0.05026665882942703,0.0349862824850755,12,0.8,0.0,0.0,0.0,0.0,0.8,0.2133237370402069,0.2127596452964393
B,0.8,gaussian_map,1,42260802,2,0.1308996938995747,0.041666666666666664,0.5940438203443975,0.47523505627551804,0.453757738263873,0.9989996949567762,0.049369144557727104,0.022383079013343944,12,0.8,0.0,0.0,0.0,0.0,0.8,0.2133237370402069,0.2127596452964393
B,0.8,gaussian_map,1,42260802,4,0.2617993877991494,0.08333333333333333,-0.08333333333333323,-0.06666666666666658,-0.07633511085382443,0.996054532335509,0.05110982943447138,-0.003911161460085246,12,0.8,0.0,0.0,0.0,0.0,0.8,0.2133237370402069,0.2127596452964393
B,0.8,gaussian_map,1,42260802,6,0.39269908169872414,0.125,-0.2511391455052437,-0.20091131640419496,-0.20056311070655575,0.9914162048112024,0.04904428373324899,-0.009761452517280065,12,0.8,0.0,0.0,0.0,0.0,0.8,0.2133237370402069,0.2127596452964393
B,0.8,gaussian_map,1,42260802,8,0.5235987755982988,0.16666666666666666,-5.551115123125783e-17,-4.4408920985006264e-17,0.011568195509617027,-5.883486776591641,0.04867215542153315,0.0005421139577085856,12,0.8,0.0,0.0,0.0,0.0,0.8,0.2133237370402069,0.2127596452964393
B,0.8,gaussian_map,2,42260803,0,0.0,0.0,1.0,0.8,0.7868072051067786,0.9887481809242673,0.049755208333333335,0.04032291666666667,12,0.8,0.0,0.0,0.0,0.0,0.8,0.2133237370402069,0.2127596452964393
B,0.8,gaussian_map,2,42260803,1,0.06544984694978735,0.020833333333333332,0.8877910199906281,0.7102328159925025,0.6971368773161974,0.9967931408388235,0.05038490819322997,0.035301480105891264,12,0.8,0.0,0.0,0.0,0.0,0.8,0.2133237370402069,0.2127596452964393
B,0.8,gaussian_map,2,42260803,2,0.1308996938995747,0.041666666666666664,0.5940438203443975,0.47523505627551804,0.46768234080068705,0.9966283750276943,0.05131719121573236,0.023631369352328752,12,0.8,0.0,0.0,0.0,0.0,0.8,0.2133237370402069,0.2127596452964393
B,0.8,gaussian_map,2,42260803,4,0.2617993877991494,0.08333333333333333,-0.08333333333333323,-0.06666666666666658,-0.06577827755297035,0.9859865629996398,0.04848893076871674,-0.0031849774058209934,12,0.8,0.0,0.0,0.0,0.0,0.8,0.2133237370402069,0.2127596452964393
B,0.8,gaussian_map,2,42260803,6,0.39269908169872414,0.125,-0.2511391455052437,-0.20091131640419496,-0.19507124607756413,0.9991918035240371,0.0500871756837287,-0.009729496831169889,12,0.8,0.0,0.0,0.0,0.0,0.8,0.2133237370402069,0.2127596452964393
B,0.8,gaussian_map,2,42260803,8,0.5235987755982988,0.16666666666666666,-5.551115123125783e-17,-4.4408920985006264e-17,0.0021818012054038516,-0.6210742028800988,0.049245045240407403,0.00010528849119361184,12,0.8,0.0,0.0,0.0,0.0,0.8,0.2133237370402069,0.2127596452964393
B,0.8,gaussian_map,3,42260804,0,0.0,0.0,1.0,0.8,0.7816316630690594,0.9990868358749652,0.05032291666666666,0.039609375,12,0.8,0.0,0.0,0.0,0.0,0.8,0.2133237370402069,0.2127596452964393
B,0.8,gaussian_map,3,42260804,1,0.06544984694978735,0.020833333333333332,0.8877910199906281,0.7102328159925025,0.6920993608463797,0.9972641211171346,0.05005372992925581,0.034635840900536,12,0.8,0.0,0.0,0.0,0.0,0.8,0.2133237370402069,0.2127596452964393
B,0.8,gaussian_map,3,42260804,2,0.1308996938995747,0.041666666666666664,0.5940438203443975,0.47523505627551804,0.45983535156562394,0.9995197518574296,0.049863178409231004,0.023031862186324754,12,0.8,0.0,0.0,0.0,0.0,0.8,0.2133237370402069,0.2127596452964393
B,0.8,gaussian_map,3,42260804,4,0.2617993877991494,0.08333333333333333,-0.08333333333333323,-0.06666666666666658,-0.0709838201178417,0.9820739885437934,0.05018044755588919,-0.00355969902417099,12,0.8,0.0,0.0,0.0,0.0,0.8,0.2133237370402069,0.2127596452964393
B,0.8,gaussian_map,3,42260804,6,0.39269908169872414,0.125,-0.2511391455052437,-0.20091131640419496,-0.2011047344367786,0.9999557254886408,0.05046072090013676,-0.010145240091161332,12,0.8,0.0,0.0,0.0,0.0,0.8,0.2133237370402069,0.2127596452964393
B,0.8,gaussian_map,3,42260804,8,0.5235987755982988,0.16666666666666666,-5.551115123125783e-17,-4.4408920985006264e-17,0.00721308055713368,0.12612097920859933,0.04990969550046329,0.0003630875672974063,12,0.8,0.0,0.0,0.0,0.0,0.8,0.2133237370402069,0.2127596452964393
B,0.8,gaussian_map,4,42260805,0,0.0,0.0,1.0,0.8,0.7736444141424791,0.9962125390723597,0.04994270833333334,0.03929166666666667,12,0.8,0.0,0.0,0.0,0.0,0.8,0.2133237370402069,0.2127596452964393
B,0.8,gaussian_map,4,42260805,1,0.06544984694978735,0.020833333333333332,0.8877910199906281,0.7102328159925025,0.6914459861480722,0.9978919076677304,0.04967976532891183,0.03402200750905797,12,0.8,0.0,0.0,0.0,0.0,0.8,0.2133237370402069,0.2127596452964393
B,0.8,gaussian_map,4,42260805,2,0.1308996938995747,0.041666666666666664,0.5940438203443975,0.47523505627551804,0.45828669935470007,0.9993085438838327,0.04866173138142889,0.022477846218274457,12,0.8,0.0,0.0,0.0,0.0,0.8,0.2133237370402069,0.2127596452964393
B,0.8,gaussian_map,4,42260805,4,0.2617993877991494,0.08333333333333333,-0.08333333333333323,-0.06666666666666658,-0.07370217274123084,0.9868466531102179,0.050302634080224576,-0.003682236459184177,12,0.8,0.0,0.0,0.0,0.0,0.8,0.2133237370402069,0.2127596452964393
B,0.8,gaussian_map,4,42260805,6,0.39269908169872414,0.125,-0.2511391455052437,-0.20091131640419496,-0.18813743343307524,0.9941945365084494,0.04983610814287538,-0.009475458028230516,12,0.8,0.0,0.0,0.0,0.0,0.8,0.2133237370402069,0.2127596452964393
B,0.8,gaussian_map,4,42260805,8,0.5235987755982988,0.16666666666666666,-5.551115123125783e-17,-4.4408920985006264e-17,-0.005612889280463379,-0.44751874028934413,0.050574465611792636,-0.0002837405454451132,12,0.8,0.0,0.0,0.0,0.0,0.8,0.2133237370402069,0.2127596452964393
B,0.8,gaussian_map,5,42260806,0,0.0,0.0,1.0,0.8,0.7736460639975034,0.9973189622541679,0.04951041666666667,0.03827604166666666,12,0.8,0.0,0.0,0.0,0.0,0.8,0.2133237370402069,0.2127596452964393
B,0.8,gaussian_map,5,42260806,1,0.06544984694978735,0.020833333333333332,0.8877910199906281,0.7102328159925025,0.7064038292860864,0.998695207368562,0.050249659241716274,0.03566425499847214,12,0.8,0.0,0.0,0.0,0.0,0.8,0.2133237370402069,0.2127596452964393
B,0.8,gaussian_map,5,42260806,2,0.1308996938995747,0.041666666666666664,0.5940438203443975,0.47523505627551804,0.46698579061512024,0.995306210340818,0.05097455159472573,0.024046935178016236,12,0.8,0.0,0.0,0.0,0.0,0.8,0.2133237370402069,0.2127596452964393
B,0.8,gaussian_map,5,42260806,4,0.2617993877991494,0.08333333333333333,-0.08333333333333323,-0.06666666666666658,-0.0613685270648545,0.9979597197103601,0.05033730502562152,-0.003085409269730527,12,0.8,0.0,0.0,0.0,0.0,0.8,0.2133237370402069,0.2127596452964393
B,0.8,gaussian_map,5,42260806,6,0.39269908169872414,0.125,-0.2511391455052437,-0.20091131640419496,-0.18633165548488015,0.9977870718399326,0.04983289506027817,-0.00927245371144607,12,0.8,0.0,0.0,0.0,0.0,0.8,0.2133237370402069,0.2127596452964393
B,0.8,gaussian_map,5,42260806,8,0.5235987755982988,0.16666666666666666,-5.551115123125783e-17,-4.4408920985006264e-17,0.000555673588974559,-0.4950248903624246,0.05030537494088645,2.900635094610978e-05,12,0.8,0.0,0.0,0.0,0.0,0.8,0.2133237370402069,0.2127596452964393
B,0.8,gaussian_map,6,42260807,0,0.0,0.0,1.0,0.8,0.7841160036699095,0.9965861518689116,0.05025520833333333,0.04008333333333333,12,0.8,0.0,0.0,0.0,0.0,0.8,0.2133237370402069,0.2127596452964393
B,0.8,gaussian_map,6,42260807,1,0.06544984694978735,0.020833333333333332,0.8877910199906281,0.7102328159925025,0.6971916922361945,0.998644625335913,0.05085299123750375,0.03514226454473107,12,0.8,0.0,0.0,0.0,0.0,0.8,0.2133237370402069,0.2127596452964393
B,0.8,gaussian_map,6,42260807,2,0.1308996938995747,0.041666666666666664,0.5940438203443975,0.47523505627551804,0.47077145519217284,0.9972142304285418,0.04975248131746818,0.023497023595079235,12,0.8,0.0,0.0,0.0,0.0,0.8,0.2133237370402069,0.2127596452964393
B,0.8,gaussian_map,6,42260807,4,0.2617993877991494,0.08333333333333333,-0.08333333333333323,-0.06666666666666658,-0.0736921378356524,0.9798840897734171,0.04999452980787744,-0.003662779509408092,12,0.8,0.0,0.0,0.0,0.0,0.8,0.2133237370402069,0.2127596452964393
B,0.8,gaussian_map,6,42260807,6,0.39269908169872414,0.125,-0.2511391455052437,-0.20091131640419496,-0.1865698127249524,0.9989590312463152,0.049665090222840436,-0.009248104452106403,12,0.8,0.0,0.0,0.0,0.0,0.8,0.2133237370402069,0.2127596452964393
B,0.8,gaussian_map,6,42260807,8,0.5235987755982988,0.16666666666666666,-5.551115123125783e-17,-4.4408920985006264e-17,-0.0005484076508705183,-0.21019839753718816,0.04930829312342536,-2.668935235928202e-05,12,0.8,0.0,0.0,0.0,0.0,0.8,0.2133237370402069,0.2127596452964393
B,0.8,gaussian_map,7,42260808,0,0.0,0.0,1.0,0.8,0.7824836796405116,0.9982336081696083,0.04951041666666667,0.03914583333333333,12,0.8,0.0,0.0,0.0,0.0,0.8,0.2133237370402069,0.2127596452964393
B,0.8,gaussian_map,7,42260808,1,0.06544984694978735,0.020833333333333332,0.8877910199906281,0.7102328159925025,0.6920217092111826,0.9966181660031477,0.049667717217497354,0.03503656644627255,12,0.8,0.0,0.0,0.0,0.0,0.8,0.2133237370402069,0.2127596452964393
B,0.8,gaussian_map,7,42260808,2,0.1308996938995747,0.041666666666666664,0.5940438203443975,0.47523505627551804,0.46408135606395695,0.9979753575544826,0.05001895357404852,0.02355947797290306,12,0.8,0.0,0.0,0.0,0.0,0.8,0.2133237370402069,0.2127596452964393
B,0.8,gaussian_map,7,42260808,4,0.2617993877991494,0.08333333333333333,-0.08333333333333323,-0.06666666666666658,-0.05771230318208198,0.9708297934975278,0.05062256820520068,-0.0029441803960674647,12,0.8,0.0,0.0,0.0,0.0,0.8,0.2133237370402069,0.2127596452964393
B,0.8,gaussian_map,7,42260808,6,0.39269908169872414,0.125,-0.2511391455052437,-0.20091131640419496,-0.19901212310972202,0.9957395163522396,0.05137019075555804,-0.010197754590961882,12,0.8,0.0,0.0,0.0,0.0,0.8,0.2133237370402069,0.2127596452964393
B,0.8,gaussian_map,7,42260808,8,0.5235987755982988,0.16666666666666666,-5.551115123125783e-17,-4.4408920985006264e-17,-0.010573624485631011,0.655733043652861,0.05041440284716987,-0.0005340142896287467,12,0.8,0.0,0.0,0.0,0.0,0.8,0.2133237370402069,0.2127596452964393
B,0.8,microscopic,0,42260801,0,0.0,0.0,1.0,0.8,0.7715102898509495,0.991960873592675,0.04991145833333333,0.03880208333333333,12,0.8,0.0,0.0,0.0,0.0,0.8,0.2133237370402069,0.2127596452964393
B,0.8,microscopic,0,42260801,1,0.06544984694978735,0.020833333333333332,0.8877910199906281,0.7102328159925025,0.6913004405385458,0.9945909220290713,0.04953355638733564,0.03506019099797053,12,0.8,0.0,0.0,0.0,0.0,0.8,0.2133237370402069,0.2127596452964393
B,0.8,microscopic,0,42260801,2,0.1308996938995747,0.041666666666666664,0.5940438203443975,0.47523505627551804,0.4608684319417942,0.9788390385876101,0.05030764543693261,0.023672302144523427,12,0.8,0.0,0.0,0.0,0.0,0.8,0.2133237370402069,0.2127596452964393
B,0.8,microscopic,0,42260801,4,0.2617993877991494,0.08333333333333333,-0.08333333333333323,-0.06666666666666658,-0.062017648455113,0.43962334158997063,0.04892090772450221,-0.0031517701277362317,12,0.8,0.0,0.0,0.0,0.0,0.8,0.2133237370402069,0.2127596452964393
B,0.8,microscopic,0,42260801,6,0.39269908169872414,0.125,-0.2511391455052437,-0.20091131640419496,-0.2018892466169303,0.8721049422929732,0.05040612409524712,-0.009827347161930103,12,0.8,0.0,0.0,0.0,0.0,0.8,0.2133237370402069,0.2127596452964393
B,0.8,microscopic,0,42260801,8,0.5235987755982988,0.16666666666666666,-5.551115123125783e-17,-4.4408920985006264e-17,0.008750722597200083,-0.13248439820569335,0.049048797886634944,0.0004100359168303439,12,0.8,0.0,0.0,0.0,0.0,0.8,0.2133237370402069,0.2127596452964393
B,0.8,microscopic,1,42260802,0,0.0,0.0,1.0,0.8,0.7605904065782825,0.9989491981464859,0.05077604166666667,0.038776041666666664,12,0.8,0.0,0.0,0.0,0.0,0.8,0.2133237370402069,0.2127596452964393
B,0.8,microscopic,1,42260802,1,0.06544984694978735,0.020833333333333332,0.8877910199906281,0.7102328159925025,0.6696647715770061,0.9904045672260481,0.05026665882942703,0.03469262246345135,12,0.8,0.0,0.0,0.0,0.0,0.8,0.2133237370402069,0.2127596452964393
B,0.8,microscopic,1,42260802,2,0.1308996938995747,0.041666666666666664,0.5940438203443975,0.47523505627551804,0.4654099889486057,0.9957901253470395,0.049369144557727104,0.023044074209858285,12,0.8,0.0,0.0,0.0,0.0,0.8,0.2133237370402069,0.2127596452964393
B,0.8,microscopic,1,42260802,4,0.2617993877991494,0.08333333333333333,-0.08333333333333323,-0.06666666666666658,-0.07651251803747458,0.6669765357201591,0.05110982943447138,-0.0040515006952775,12,0.8,0.0,0.0,0.0,0.0,0.8,0.2133237370402069,0.2127596452964393
B,0.8,microscopic,1,42260802,6,0.39269908169872414,0.125,-0.2511391455052437,-0.20091131640419496,-0.19148355262257039,0.9573467577378619,0.04904428373324899,-0.009238665741924258,12,0.8,0.0,0.0,0.0,0.0,0.8,0.2133237370402069,0.2127596452964393
B,0.8,microscopic,1,42260802,8,0.5235987755982988,0.16666666666666666,-5.551115123125783e-17,-4.4408920985006264e-17,0.03062092993565568,0.16753536763533616,0.04867215542153315,0.0015324720218522934,12,0.8,0.0,0.0,0.0,0.0,0.8,0.2133237370402069,0.2127596452964393
B,0.8,microscopic,2,42260803,0,0.0,0.0,1.0,0.8,0.7712919046782828,0.9929461762895346,0.049755208333333335,0.03879166666666666,12,0.8,0.0,0.0,0.0,0.0,0.8,0.2133237370402069,0.2127596452964393
B,0.8,microscopic,2,42260803,1,0.06544984694978735,0.020833333333333332,0.8877910199906281,0.7102328159925025,0.6941155521812586,0.9862843579680259,0.05038490819322997,0.03374436751987081,12,0.8,0.0,0.0,0.0,0.0,0.8,0.2133237370402069,0.2127596452964393
B,0.8,microscopic,2,42260803,2,0.1308996938995747,0.041666666666666664,0.5940438203443975,0.47523505627551804,0.4819871095045572,0.9680381589184444,0.05131719121573236,0.02427998099556683,12,0.8,0.0,0.0,0.0,0.0,0.8,0.2133237370402069,0.2127596452964393
B,0.8,microscopic,2,42260803,4,0.2617993877991494,0.08333333333333333,-0.08333333333333323,-0.06666666666666658,-0.04868131869831837,0.3834969205646297,0.04848893076871674,-0.002290777396242707,12,0.8,0.0,0.0,0.0,0.0,0.8,0.2133237370402069,0.2127596452964393
B,0.8,microscopic,2,42260803,6,0.39269908169872414,0.125,-0.2511391455052437,-0.20091131640419496,-0.15545847317212305,0.9957975422785478,0.0500871756837287,-0.007714871917799846,12,0.8,0.0,0.0,0.0,0.0,0.8,0.2133237370402069,0.2127596452964393
B,0.8,microscopic,2,42260803,8,0.5235987755982988,0.16666666666666666,-5.551115123125783e-17,-4.4408920985006264e-17,-0.004891997576039772,-0.13538716786226734,0.049245045240407403,-0.00013212454261876872,12,0.8,0.0,0.0,0.0,0.0,0.8,0.2133237370402069,0.2127596452964393
B,0.8,microscopic,3,42260804,0,0.0,0.0,1.0,0.8,0.7922430431171211,0.9965642092219718,0.05032291666666666,0.03984375,12,0.8,0.0,0.0,0.0,0.0,0.8,0.2133237370402069,0.2127596452964393
B,0.8,microscopic,3,42260804,1,0.06544984694978735,0.020833333333333332,0.8877910199906281,0.7102328159925025,0.7020346860014166,0.9970836688540069,0.05005372992925581,0.03501102412526969,12,0.8,0.0,0.0,0.0,0.0,0.8,0.2133237370402069,0.2127596452964393
B,0.8,microscopic,3,42260804,2,0.1308996938995747,0.041666666666666664,0.5940438203443975,0.47523505627551804,0.45354426221234495,0.9732398738743043,0.049863178409231004,0.02249824981746386,12,0.8,0.0,0.0,0.0,0.0,0.8,0.2133237370402069,0.2127596452964393
B,0.8,microscopic,3,42260804,4,0.2617993877991494,0.08333333333333333,-0.08333333333333323,-0.06666666666666658,-0.06652586559135493,0.6442196712201453,0.05018044755588919,-0.0034265062339832323,12,0.8,0.0,0.0,0.0,0.0,0.8,0.2133237370402069,0.2127596452964393
B,0.8,microscopic,3,42260804,6,0.39269908169872414,0.125,-0.2511391455052437,-0.20091131640419496,-0.18272854377447817,0.9822053584480219,0.05046072090013676,-0.009190603977796799,12,0.8,0.0,0.0,0.0,0.0,0.8,0.2133237370402069,0.2127596452964393
B,0.8,microscopic,3,42260804,8,0.5235987755982988,0.16666666666666666,-5.551115123125783e-17,-4.4408920985006264e-17,-0.031973405937129246,-7.176136510585787,0.04990969550046329,-0.0019157917385309443,12,0.8,0.0,0.0,0.0,0.0,0.8,0.2133237370402069,0.2127596452964393
B,0.8,microscopic,4,42260805,0,0.0,0.0,1.0,0.8,0.7768918769759044,0.9958474484664077,0.04994270833333334,0.039020833333333324,12,0.8,0.0,0.0,0.0,0.0,0.8,0.2133237370402069,0.2127596452964393
B,0.8,microscopic,4,42260805,1,0.06544984694978735,0.020833333333333332,0.8877910199906281,0.7102328159925025,0.6923101915721238,0.9964232766689505,0.04967976532891183,0.03386620848493539,12,0.8,0.0,0.0,0.0,0.0,0.8,0.2133237370402069,0.2127596452964393
B,0.8,microscopic,4,42260805,2,0.1308996938995747,0.041666666666666664,0.5940438203443975,0.47523505627551804,0.5064339437394457,0.9475787905887059,0.04866173138142889,0.02357951137244055,12,0.8,0.0,0.0,0.0,0.0,0.8,0.2133237370402069,0.2127596452964393
B,0.8,microscopic,4,42260805,4,0.2617993877991494,0.08333333333333333,-0.08333333333333323,-0.06666666666666658,-0.07779883463957302,0.5040286468612596,0.050302634080224576,-0.003808160504373238,12,0.8,0.0,0.0,0.0,0.0,0.8,0.2133237370402069,0.2127596452964393
B,0.8,microscopic,4,42260805,6,0.39269908169872414,0.125,-0.2511391455052437,-0.20091131640419496,-0.1911794966289556,0.9948083297391092,0.04983610814287538,-0.00950446588953155,12,0.8,0.0,0.0,0.0,0.0,0.8,0.2133237370402069,0.2127596452964393
B,0.8,microscopic,4,42260805,8,0.5235987755982988,0.16666666666666666,-5.551115123125783e-17,-4.4408920985006264e-17,0.008260829493266382,0.015928787737132244,0.050574465611792636,0.0005084467617964101,12,0.8,0.0,0.0,0.0,0.0,0.8,0.2133237370402069,0.2127596452964393
B,0.8,microscopic,5,42260806,0,0.0,0.0,1.0,0.8,0.7855056901856631,0.9816286086087039,0.04951041666666667,0.03878645833333333,12,0.8,0.0,0.0,0.0,0.0,0.8,0.2133237370402069,0.2127596452964393
B,0.8,microscopic,5,42260806,1,0.06544984694978735,0.020833333333333332,0.8877910199906281,0.7102328159925025,0.6971497533478223,0.989723093610167,0.050249659241716274,0.035773095148660145,12,0.8,0.0,0.0,0.0,0.0,0.8,0.2133237370402069,0.2127596452964393
B,0.8,microscopic,5,42260806,2,0.1308996938995747,0.041666666666666664,0.5940438203443975,0.47523505627551804,0.491332411708905,0.9781518545371977,0.05097455159472573,0.025767746713311796,12,0.8,0.0,0.0,0.0,0.0,0.8,0.2133237370402069,0.2127596452964393
B,0.8,microscopic,5,42260806,4,0.2617993877991494,0.08333333333333333,-0.08333333333333323,-0.06666666666666658,-0.04915934480162255,0.8130328646120677,0.05033730502562152,-0.002485958153527637,12,0.8,0.0,0.0,0.0,0.0,0.8,0.2133237370402069,0.2127596452964393
B,0.8,microscopic,5,42260806,6,0.39269908169872414,0.125,-0.2511391455052437,-0.20091131640419496,-0.2169754539304844,0.9357452062004088,0.04983289506027817,-0.011053922029424412,12,0.8,0.0,0.0,0.0,0.0,0.8,0.2133237370402069,0.2127596452964393
B,0.8,microscopic,5,42260806,8,0.5235987755982988,0.16666666666666666,-5.551115123125783e-17,-4.4408920985006264e-17,0.01879964448045372,-0.08415453518351512,0.05030537494088645,0.0008943375672974066,12,0.8,0.0,0.0,0.0,0.0,0.8,0.2133237370402069,0.2127596452964393
B,0.8,microscopic,6,42260807,0,0.0,0.0,1.0,0.8,0.7592832746332574,0.9643036777860889,0.05025520833333333,0.03796875,12,0.8,0.0,0.0,0.0,0.0,0.8,0.2133237370402069,0.2127596452964393
B,0.8,microscopic,6,42260807,1,0.06544984694978735,0.020833333333333332,0.8877910199906281,0.7102328159925025,0.6877161562073537,0.9866448620811117,0.05085299123750375,0.035537743708997156,12,0.8,0.0,0.0,0.0,0.0,0.8,0.2133237370402069,0.2127596452964393
B,0.8,microscopic,6,42260807,2,0.1308996938995747,0.041666666666666664,0.5940438203443975,0.47523505627551804,0.45611467122544413,0.9871700164878091,0.04975248131746818,0.022448783410393365,12,0.8,0.0,0.0,0.0,0.0,0.8,0.2133237370402069,0.2127596452964393
B,0.8,microscopic,6,42260807,4,0.2617993877991494,0.08333333333333333,-0.08333333333333323,-0.06666666666666658,-0.03486353299831958,0.584542367943204,0.04999452980787744,-0.0017793483478742566,12,0.8,0.0,0.0,0.0,0.0,0.8,0.2133237370402069,0.2127596452964393
B,0.8,microscopic,6,42260807,6,0.39269908169872414,0.125,-0.2511391455052437,-0.20091131640419496,-0.19658944968561817,0.9696071509996277,0.049665090222840436,-0.009768804925913876,12,0.8,0.0,0.0,0.0,0.0,0.8,0.2133237370402069,0.2127596452964393
B,0.8,microscopic,6,42260807,8,0.5235987755982988,0.16666666666666666,-5.551115123125783e-17,-4.4408920985006264e-17,-0.020922877054404276,-0.6328918489599431,0.04930829312342536,-0.0010342146842794433,12,0.8,0.0,0.0,0.0,0.0,0.8,0.2133237370402069,0.2127596452964393
B,0.8,microscopic,7,42260808,0,0.0,0.0,1.0,0.8,0.7836934526100707,0.9979336542939843,0.04951041666666667,0.03880208333333333,12,0.8,0.0,0.0,0.0,0.0,0.8,0.2133237370402069,0.2127596452964393
B,0.8,microscopic,7,42260808,1,0.06544984694978735,0.020833333333333332,0.8877910199906281,0.7102328159925025,0.7129879355340496,0.993160450872749,0.049667717217497354,0.03623024224048495,12,0.8,0.0,0.0,0.0,0.0,0.8,0.2133237370402069,0.2127596452964393
B,0.8,microscopic,7,42260808,2,0.1308996938995747,0.041666666666666664,0.5940438203443975,0.47523505627551804,0.4881363278089503,0.9876806990069577,0.05001895357404852,0.02413570202736999,12,0.8,0.0,0.0,0.0,0.0,0.8,0.2133237370402069,0.2127596452964393
B,0.8,microscopic,7,42260808,4,0.2617993877991494,0.08333333333333333,-0.08333333333333323,-0.06666666666666658,-0.08017698514181318,0.759707521466306,0.05062256820520068,-0.0041649292875282976,12,0.8,0.0,0.0,0.0,0.0,0.8,0.2133237370402069,0.2127596452964393
B,0.8,microscopic,7,42260808,6,0.39269908169872414,0.125,-0.2511391455052437,-0.20091131640419496,-0.18563729506760604,0.983515298122415,0.05137019075555804,-0.009601064808143805,12,0.8,0.0,0.0,0.0,0.0,0.8,0.2133237370402069,0.2127596452964393
B,0.8,microscopic,7,42260808,8,0.5235987755982988,0.16666666666666666,-5.551115123125783e-17,-4.4408920985006264e-17,0.03791194877398979,-0.5369020000805989,0.05041440284716987,0.0018518961698203652,12,0.8,0.0,0.0,0.0,0.0,0.8,0.2133237370402069,0.2127596452964393
B,0.95,gaussian_map,0,43260801,0,0.0,0.0,1.0,0.95,0.9165597184436997,0.981709576900992,0.049583333333333326,0.046385416666666665,12,0.95,0.0,0.0,0.0,0.0,0.95,0.2533219377352457,0.2127596452964393
B,0.95,gaussian_map,0,43260801,1,0.06544984694978735,0.020833333333333332,0.8877910199906281,0.8434014689910967,0.804503662855238,0.9986443192974017,0.05024366758229244,0.040787084864079844,12,0.95,0.0,0.0,0.0,0.0,0.95,0.2533219377352457,0.2127596452964393
B,0.95,gaussian_map,0,43260801,2,0.1308996938995747,0.041666666666666664,0.5940438203443975,0.5643416293271776,0.5461730135038689,0.9986304290500156,0.05017689480004586,0.027131312714151243,12,0.95,0.0,0.0,0.0,0.0,0.95,0.2533219377352457,0.2127596452964393
B,0.95,gaussian_map,0,43260801,4,0.2617993877991494,0.08333333333333333,-0.08333333333333323,-0.07916666666666657,-0.08789596610062227,0.9666150288363019,0.050601659183735326,-0.004503024862033862,12,0.95,0.0,0.0,0.0,0.0,0.95,0.2533219377352457,0.2127596452964393
B,0.95,gaussian_map,0,43260801,6,0.39269908169872414,0.125,-0.2511391455052437,-0.23858218822998148,-0.2383888239029372,0.9965999206001065,0.05005182095757181,-0.01183299001012435,12,0.95,0.0,0.0,0.0,0.0,0.95,0.2533219377352457,0.2127596452964393
B,0.95,gaussian_map,0,43260801,8,0.5235987755982988,0.16666666666666666,-5.551115123125783e-17,-5.2735593669694933e-17,-0.007476372206935418,0.05465649971862918,0.05120312448350521,-0.0003875601183952089,12,0.95,0.0,0.0,0.0,0.0,0.95,0.2533219377352457,0.2127596452964393
B,0.95,gaussian_map,1,43260802,0,0.0,0.0,1.0,0.95,0.9072625678449894,0.959846420453405,0.04918229166666667,0.045385416666666664,12,0.95,0.0,0.0,0.0,0.0,0.95,0.2533219377352457,0.2127596452964393
B,0.95,gaussian_map,1,43260802,1,0.06544984694978735,0.020833333333333332,0.8877910199906281,0.8434014689910967,0.8020874540946118,0.9987111525055855,0.04990876939045473,0.04020211016098017,12,0.95,0.0,0.0,0.0,0.0,0.95,0.2533219377352457,0.2127596452964393
B,0.95,gaussian_map,1,43260802,2,0.1308996938995747,0.041666666666666664,0.5940438203443975,0.5643416293271776,0.5513616097781703,0.998724314725529,0.0508899942002395,0.02774998989787389,12,0.95,0.0,0.0,0.0,0.0,0.95,0.2533219377352457,0.2127596452964393
B,0.95,gaussian_map,1,43260802,4,0.2617993877991494,0.08333333333333333,-0.08333333333333323,-0.07916666666666657,-0.06800239973002538,0.9124321521561967,0.04848728019154281,-0.003351495769311359,12,0.95,0.0,0.0,0.0,0.0,0.95,0.2533219377352457,0.2127596452964393
B,0.95,gaussian_map,1,43260802,6,0.39269908169872414,0.125,-0.2511391455052437,-0.23858218822998148,-0.2249971708392586,0.9954491360592528,0.050612474102463036,-0.011230451941905467,12,0.95,0.0,0.0,0.0,0.0,0.95,0.2533219377352457,0.2127596452964393
B,0.95,gaussian_map,1,43260802,8,0.5235987755982988,0.16666666666666666,-5.551115123125783e-17,-5.2735593669694933e-17,-0.0033134828653021186,-0.2979553476374033,0.04999065813962496,-0.00016519774842315059,12,0.95,0.0,0.0,0.0,0.0,0.95,0.2533219377352457,0.2127596452964393
B,0.95,gaussian_map,2,43260803,0,0.0,0.0,1.0,0.95,0.9129718412891465,0.9689353164809386,0.051078125,0.04756250000000001,12,0.95,0.0,0.0,0.0,0.0,0.95,0.2533219377352457,0.2127596452964393
B,0.95,gaussian_map,2,43260803,1,0.06544984694978735,0.020833333333333332,0.8877910199906281,0.8434014689910967,0.8087948051724515,0.9989827676333705,0.04967009317434824,0.04032304926166611,12,0.95,0.0,0.0,0.0,0.0,0.95,0.2533219377352457,0.2127596452964393
B,0.95,gaussian_map,2,43260803,2,0.1308996938995747,0.041666666666666664,0.5940438203443975,0.5643416293271776,0.5294578256818354,0.9983511841373383,0.050659390479593704,0.026720321647087625,12,0.95,0.0,0.0,0.0,0.0,0.95,0.2533219377352457,0.2127596452964393
B,0.95,gaussian_map,2,43260803,4,0.2617993877991494,0.08333333333333333,-0.08333333333333323,-0.07916666666666657,-0.06392315570231925,0.9587183383138755,0.05074111688897596,-0.0032524639288670767,12,0.95,0.0,0.0,0.0,0.0,0.95,0.2533219377352457,0.2127596452964393
B,0.95,gaussian_map,2,43260803,6,0.39269908169872414,0.125,-0.2511391455052437,-0.23858218822998148,-0.24181290955354504,0.9967836067753272,0.048827057861082226,-0.011729997754756877,12,0.95,0.0,0.0,0.0,0.0,0.95,0.2533219377352457,0.2127596452964393
B,0.95,gaussian_map,2,43260803,8,0.5235987755982988,0.16666666666666666,-5.551115123125783e-17,-5.2735593669694933e-17,-0.007176257291929531,-0.021748618858555613,0.0496710067492138,-0.0003523971564471061,12,0.95,0.0,0.0,0.0,0.0,0.95,0.2533219377352457,0.2127596452964393
B,0.95,gaussian_map,3,43260804,0,0.0,0.0,1.0,0.95,0.9118917331891733,0.9958588445385425,0.05061979166666667,0.046385416666666665,12,0.95,0.0,0.0,0.0,0.0,0.95,0.2533219377352457,0.2127596452964393
B,0.95,gaussian_map,3,43260804,1,0.06544984694978735,0.020833333333333332,0.8877910199906281,0.8434014689910967,0.8070491198416356,0.9994688537393664,0.05000792753832228,0.040141029340362164,12,0.95,0.0,0.0,0.0,0.0,0.95,0.2533219377352457,0.2127596452964393
B,0.95,gaussian_map,3,43260804,2,0.1308996938995747,0.041666666666666664,0.5940438203443975,0.5643416293271776,0.543957609716087,0.9977940401703405,0.05034014003141974,0.027055052561405113,12,0.95,0.0,0.0,0.0,0.0,0.95,0.2533219377352457,0.2127596452964393
B,0.95,gaussian_map,3,43260804,4,0.2617993877991494,0.08333333333333333,-0.08333333333333323,-0.07916666666666657,-0.0892758082056626,0.9651149418879991,0.049154959649267006,-0.004424302348203673,12,0.95,0.0,0.0,0.0,0.0,0.95,0.2533219377352457,0.2127596452964393
B,0.95,gaussian_map,3,43260804,6,0.39269908169872414,0.125,-0.2511391455052437,-0.23858218822998148,-0.24698109109450025,0.9981316610653074,0.05038185926538128,-0.01236325799622447,12,0.95,0.0,0.0,0.0,0.0,0.95,0.2533219377352457,0.2127596452964393
B,0.95,gaussian_map,3,43260804,8,0.5235987755982988,0.16666666666666666,-5.551115123125783e-17,-5.2735593669694933e-17,0.005363528812556571,0.08206108935072853,0.05039339596697826,0.0002694377646227546,12,0.95,0.0,0.0,0.0,0.0,0.95,0.2533219377352457,0.2127596452964393
B,0.95,gaussian_map,4,43260805,0,0.0,0.0,1.0,0.95,0.9124493485432018,0.9966506631269475,0.05034375,0.046239583333333334,12,0.95,0.0,0.0,0.0,0.0,0.95,0.2533219377352457,0.2127596452964393
B,0.95,gaussian_map,4,43260805,1,0.06544984694978735,0.020833333333333332,0.8877910199906281,0.8434014689910967,0.8136660697884927,0.9977013649568032,0.050337612323497045,0.0413834223741845,12,0.95,0.0,0.0,0.0,0.0,0.95,0.2533219377352457,0.2127596452964393
B,0.95,gaussian_map,4,43260805,2,0.1308996938995747,0.041666666666666664,0.5940438203443975,0.5643416293271776,0.5529596892857956,0.9953448603581516,0.0491370253035455,0.02734135136327298,12,0.95,0.0,0.0,0.0,0.0,0.95,0.2533219377352457,0.2127596452964393
B,0.95,gaussian_map,4,43260805,4,0.2617993877991494,0.08333333333333333,-0.08333333333333323,-0.07916666666666657,-0.07646666527874016,0.9977530484842708,0.051100254461555514,-0.003899381493917588,12,0.95,0.0,0.0,0.0,0.0,0.95,0.2533219377352457,0.2127596452964393
B,0.95,gaussian_map,4,43260805,6,0.39269908169872414,0.125,-0.2511391455052437,-0.23858218822998148,-0.22348800172942918,0.9957490201709944,0.04950978341943677,-0.010917281897565967,12,0.95,0.0,0.0,0.0,0.0,0.95,0.2533219377352457,0.2127596452964393
B,0.95,gaussian_map,4,43260805,8,0.5235987755982988,0.16666666666666666,-5.551115123125783e-17,-5.2735593669694933e-17,-0.006239070551252025,0.06718111575347863,0.04924033789370081,-0.00029837076603592686,12,0.95,0.0,0.0,0.0,0.0,0.95,0.2533219377352457,0.2127596452964393
B,0.95,gaussian_map,5,43260806,0,0.0,0.0,1.0,0.95,0.9096846411496113,0.9833405990811841,0.05045833333333334,0.046807291666666674,12,0.95,0.0,0.0,0.0,0.0,0.95,0.2533219377352457,0.2127596452964393
B,0.95,gaussian_map,5,43260806,1,0.06544984694978735,0.020833333333333332,0.8877910199906281,0.8434014689910967,0.819475791941687,0.9996091127550036,0.04933515671320554,0.04040507787492971,12,0.95,0.0,0.0,0.0,0.0,0.95,0.2533219377352457,0.2127596452964393
B,0.95,gaussian_map,5,43260806,2,0.1308996938995747,0.041666666666666664,0.5940438203443975,0.5643416293271776,0.5471579104078707,0.9972222188489321,0.04996159546983907,0.02783163650013854,12,0.95,0.0,0.0,0.0,0.0,0.95,0.2533219377352457,0.2127596452964393
B,0.95,gaussian_map,5,43260806,4,0.2617993877991494,0.08333333333333333,-0.08333333333333323,-0.07916666666666657,-0.07439068708639825,0.9333962655346755,0.04916125407577994,-0.0036982228040080816,12,0.95,0.0,0.0,0.0,0.0,0.95,0.2533219377352457,0.2127596452964393
B,0.95,gaussian_map,5,43260806,6,0.39269908169872414,0.125,-0.2511391455052437,-0.23858218822998148,-0.23189813096757003,0.9963348730922066,0.049686892046152786,-0.011583126996169153,12,0.95,0.0,0.0,0.0,0.0,0.95,0.2533219377352457,0.2127596452964393
B,0.95,gaussian_map,5,43260806,8,0.5235987755982988,0.16666666666666666,-5.551115123125783e-17,-5.2735593669694933e-17,0.014416950620128032,0.10799643714465279,0.050502296828143924,0.000721614486954095,12,0.95,0.0,0.0,0.0,0.0,0.95,0.2533219377352457,0.2127596452964393
B,0.95,gaussian_map,6,43260807,0,0.0,0.0,1.0,0.95,0.9100565298548837,0.985294189776693,0.050739583333333324,0.04695833333333334,12,0.95,0.0,0.0,0.0,0.0,0.95,0.2533219377352457,0.2127596452964393
B,0.95,gaussian_map,6,43260807,1,0.06544984694978735,0.020833333333333332,0.8877910199906281,0.8434014689910967,0.8270075865333782,0.9955290925257403,0.05048751260820861,0.04239035171156723,12,0.95,0.0,0.0,0.0,0.0,0.95,0.2533219377352457,0.2127596452964393
B,0.95,gaussian_map,6,43260807,2,0.1308996938995747,0.041666666666666664,0.5940438203443975,0.5643416293271776,0.5405227819710194,0.9993938335881313,0.05093992108108808,0.027720664386552216,12,0.95,0.0,0.0,0.0,0.0,0.95,0.2533219377352457,0.2127596452964393
B,0.95,gaussian_map,6,43260807,4,0.2617993877991494,0.08333333333333333,-0.08333333333333323,-0.07916666666666657,-0.08577430942740727,0.9348457918262322,0.04979724063829108,-0.004231517290065809,12,0.95,0.0,0.0,0.0,0.0,0.95,0.2533219377352457,0.2127596452964393
B,0.95,gaussian_map,6,43260807,6,0.39269908169872414,0.125,-0.2511391455052437,-0.23858218822998148,-0.2431532071878472,0.9977073525744324,0.04939836522050006,-0.011920299928718375,12,0.95,0.0,0.0,0.0,0.0,0.95,0.2533219377352457,0.2127596452964393
B,0.95,gaussian_map,6,43260807,8,0.5235987755982988,0.16666666666666666,-5.551115123125783e-17,-5.2735593669694933e-17,0.013677849284854897,-0.3015286818399523,0.04991106422138145,0.0006756609168303439,12,0.95,0.0,0.0,0.0,0.0,0.95,0.2533219377352457,0.2127596452964393
B,0.95,gaussian_map,7,43260808,0,0.0,0.0,1.0,0.95,0.90625388496375,0.9932535286316263,0.050067708333333336,0.045880208333333325,12,0.95,0.0,0.0,0.0,0.0,0.95,0.2533219377352457,0.2127596452964393
B,0.95,gaussian_map,7,43260808,1,0.06544984694978735,0.020833333333333332,0.8877910199906281,0.8434014689910967,0.7946012282993262,0.9956959953997492,0.050174068855394806,0.04007955540819356,12,0.95,0.0,0.0,0.0,0.0,0.95,0.2533219377352457,0.2127596452964393
B,0.95,gaussian_map,7,43260808,2,0.1308996938995747,0.041666666666666664,0.5940438203443975,0.5643416293271776,0.5516100779374309,0.999213270185286,0.05044220987525823,0.027686910183711874,12,0.95,0.0,0.0,0.0,0.0,0.95,0.2533219377352457,0.2127596452964393
B,0.95,gaussian_map,7,43260808,4,0.2617993877991494,0.08333333333333333,-0.08333333333333323,-0.07916666666666657,-0.07347440814862091,0.9711111484466991,0.04957939931217492,-0.0036209752957609854,12,0.95,0.0,0.0,0.0,0.0,0.95,0.2533219377352457,0.2127596452964393
B,0.95,gaussian_map,7,43260808,6,0.39269908169872414,0.125,-0.2511391455052437,-0.23858218822998148,-0.2370203856716363,0.993556680746305,0.05074730007881652,-0.01208815814591567,12,0.95,0.0,0.0,0.0,0.0,0.95,0.2533219377352457,0.2127596452964393
B,0.95,gaussian_map,7,43260808,8,0.5235987755982988,0.16666666666666666,-5.551115123125783e-17,-5.2735593669694933e-17,-0.008953475438632705,0.7972434528930501,0.050199939750626955,-0.0004508813509461096,12,0.95,0.0,0.0,0.0,0.0,0.95,0.2533219377352457,0.2127596452964393
B,0.95,microscopic,0,43260801,0,0.0,0.0,1.0,0.95,0.9261185067391127,0.8998269680332305,0.049583333333333326,0.04716666666666667,12,0.95,0.0,0.0,0.0,0.0,0.95,0.2533219377352457,0.2127596452964393
B,0.95,microscopic,0,43260801,1,0.06544984694978735,0.020833333333333332,0.8877910199906281,0.8434014689910967,0.8171645556091865,0.9915960424404477,0.05024366758229244,0.04078305823285798,12,0.95,0.0,0.0,0.0,0.0,0.95,0.2533219377352457,0.2127596452964393
B,0.95,microscopic,0,43260801,2,0.1308996938995747,0.041666666666666664,0.5940438203443975,0.5643416293271776,0.5586346239750012,0.9782292247512937,0.05017689480004586,0.02810781147253219,12,0.95,0.0,0.0,0.0,0.0,0.95,0.2533219377352457,0.2127596452964393
B,0.95,microscopic,0,43260801,4,0.2617993877991494,0.08333333333333333,-0.08333333333333323,-0.07916666666666657,-0.046980968838817624,0.4772359978019024,0.050601659183735326,-0.0024492298124653483,12,0.95,0.0,0.0,0.0,0.0,0.95,0.2533219377352457,0.2127596452964393
B,0.95,microscopic,0,43260801,6,0.39269908169872414,0.125,-0.2511391455052437,-0.23858218822998148,-0.2381348941851257,0.9573941646867722,0.05005182095757181,-0.01179225776345225,12,0.95,0.0,0.0,0.0,0.0,0.95,0.2533219377352457,0.2127596452964393
B,0.95,microscopic,0,43260801,8,0.5235987755982988,0.16666666666666666,-5.551115123125783e-17,-5.2735593669694933e-17,-0.0011612934061180661,-0.03735993603813248,0.05120312448350521,-2.9954628614769364e-05,12,0.95,0.0,0.0,0.0,0.0,0.95,0.2533219377352457,0.2127596452964393
B,0.95,microscopic,1,43260802,0,0.0,0.0,1.0,0.95,0.9191114068184946,0.9553553651907609,0.04918229166666667,0.04509895833333334,12,0.95,0.0,0.0,0.0,0.0,0.95,0.2533219377352457,0.2127596452964393
B,0.95,microscopic,1,43260802,1,0.06544984694978735,0.020833333333333332,0.8877910199906281,0.8434014689910967,0.8285501687447223,0.9531620471446142,0.04990876939045473,0.04159636392945123,12,0.95,0.0,0.0,0.0,0.0,0.95,0.2533219377352457,0.2127596452964393
B,0.95,microscopic,1,43260802,2,0.1308996938995747,0.041666666666666664,0.5940438203443975,0.5643416293271776,0.5517600185557532,0.9830497666809878,0.0508899942002395,0.02896366344055401,12,0.95,0.0,0.0,0.0,0.0,0.95,0.2533219377352457,0.2127596452964393
B,0.95,microscopic,1,43260802,4,0.2617993877991494,0.08333333333333333,-0.08333333333333323,-0.07916666666666657,-0.0666238383795928,0.6999533241449358,0.04848728019154281,-0.0032366204880650016,12,0.95,0.0,0.0,0.0,0.0,0.95,0.2533219377352457,0.2127596452964393
B,0.95,microscopic,1,43260802,6,0.39269908169872414,0.125,-0.2511391455052437,-0.23858218822998148,-0.21771676554596828,0.9969258791835697,0.050612474102463036,-0.011021402287964244,12,0.95,0.0,0.0,0.0,0.0,0.95,0.2533219377352457,0.2127596452964393
B,0.95,microscopic,1,43260802,8,0.5235987755982988,0.16666666666666666,-5.551115123125783e-17,-5.2735593669694933e-17,-0.022049888125206203,-2.9925799843345353,0.04999065813962496,-0.0011378070147864319,12,0.95,0.0,0.0,0.0,0.0,0.95,0.2533219377352457,0.2127596452964393
B,0.95,microscopic,2,43260803,0,0.0,0.0,1.0,0.95,0.9080168923500086,0.9759063031231048,0.051078125,0.04654166666666666,12,0.95,0.0,0.0,0.0,0.0,0.95,0.2533219377352457,0.2127596452964393
B,0.95,microscopic,2,43260803,1,0.06544984694978735,0.020833333333333332,0.8877910199906281,0.8434014689910967,0.8288588778803059,0.9413955267539038,0.04967009317434824,0.040601701147596786,12,0.95,0.0,0.0,0.0,0.0,0.95,0.2533219377352457,0.2127596452964393
B,0.95,microscopic,2,43260803,2,0.1308996938995747,0.041666666666666664,0.5940438203443975,0.5643416293271776,0.5700243524053167,0.9820948273783545,0.050659390479593704,0.029085173107583823,12,0.95,0.0,0.0,0.0,0.0,0.95,0.2533219377352457,0.2127596452964393
B,0.95,microscopic,2,43260803,4,0.2617993877991494,0.08333333333333333,-0.08333333333333323,-0.07916666666666657,-0.07340331250433293,0.5789056726391406,0.05074111688897596,-0.003635086301681669,12,0.95,0.0,0.0,0.0,0.0,0.95,0.2533219377352457,0.2127596452964393
B,0.95,microscopic,2,43260803,6,0.39269908169872414,0.125,-0.2511391455052437,-0.23858218822998148,-0.2537049279188128,0.9917046150790675,0.048827057861082226,-0.012251504861912142,12,0.95,0.0,0.0,0.0,0.0,0.95,0.2533219377352457,0.2127596452964393
B,0.95,microscopic,2,43260803,8,0.5235987755982988,0.16666666666666666,-5.551115123125783e-17,-5.2735593669694933e-17,-0.02790462836511272,0.9262223187970696,0.0496710067492138,-0.0013846687836487031,12,0.95,0.0,0.0,0.0,0.0,0.95,0.2533219377352457,0.2127596452964393
B,0.95,microscopic,3,43260804,0,0.0,0.0,1.0,0.95,0.8995903884504207,0.9828401242603864,0.05061979166666667,0.04620833333333333,12,0.95,0.0,0.0,0.0,0.0,0.95,0.2533219377352457,0.2127596452964393
B,0.95,microscopic,3,43260804,1,0.06544984694978735,0.020833333333333332,0.8877910199906281,0.8434014689910967,0.8490970134472492,0.9794501064765244,0.05000792753832228,0.04218796196416617,12,0.95,0.0,0.0,0.0,0.0,0.95,0.2533219377352457,0.2127596452964393
B,0.95,microscopic,3,43260804,2,0.1308996938995747,0.041666666666666664,0.5940438203443975,0.5643416293271776,0.536324283739572,0.9504206761064552,0.05034014003141974,0.02684334642200184,12,0.95,0.0,0.0,0.0,0.0,0.95,0.2533219377352457,0.2127596452964393
B,0.95,microscopic,3,43260804,4,0.2617993877991494,0.08333333333333333,-0.08333333333333323,-0.07916666666666657,-0.08713145366135296,0.4238026913841503,0.049154959649267006,-0.004521105663341992,12,0.95,0.0,0.0,0.0,0.0,0.95,0.2533219377352457,0.2127596452964393
B,0.95,microscopic,3,43260804,6,0.39269908169872414,0.125,-0.2511391455052437,-0.23858218822998148,-0.24456627864467978,0.9792920012215718,0.05038185926538128,-0.012676769302895964,12,0.95,0.0,0.0,0.0,0.0,0.95,0.2533219377352457,0.2127596452964393
B,0.95,microscopic,3,43260804,8,0.5235987755982988,0.16666666666666666,-5.551115123125783e-17,-5.2735593669694933e-17,-0.02368456631071461,-1.050316097148865,0.05039339596697826,-0.001307365016199604,12,0.95,0.0,0.0,0.0,0.0,0.95,0.2533219377352457,0.2127596452964393
B,0.95,microscopic,4,43260805,0,0.0,0.0,1.0,0.95,0.9172099789241283,0.9451324062339674,0.05034375,0.04662500000000001,12,0.95,0.0,0.0,0.0,0.0,0.95,0.2533219377352457,0.2127596452964393
B,0.95,microscopic,4,43260805,1,0.06544984694978735,0.020833333333333332,0.8877910199906281,0.8434014689910967,0.7658224110211816,0.9749441824281422,0.050337612323497045,0.04070755438718289,12,0.95,0.0,0.0,0.0,0.0,0.95,0.2533219377352457,0.2127596452964393
B,0.95,microscopic,4,43260805,2,0.1308996938995747,0.041666666666666664,0.5940438203443975,0.5643416293271776,0.5477383844858503,0.9876308527734925,0.0491370253035455,0.027216777702485297,12,0.95,0.0,0.0,0.0,0.0,0.95,0.2533219377352457,0.2127596452964393
B,0.95,microscopic,4,43260805,4,0.2617993877991494,0.08333333333333333,-0.08333333333333323,-0.07916666666666657,-0.12326178876019887,0.8086420978439771,0.051100254461555514,-0.006148012848019584,12,0.95,0.0,0.0,0.0,0.0,0.95,0.2533219377352457,0.2127596452964393
B,0.95,microscopic,4,43260805,6,0.39269908169872414,0.125,-0.2511391455052437,-0.23858218822998148,-0.2113758834066259,0.9488619968714803,0.04950978341943677,-0.010281339508628492,12,0.95,0.0,0.0,0.0,0.0,0.95,0.2533219377352457,0.2127596452964393
B,0.95,microscopic,4,43260805,8,0.5235987755982988,0.16666666666666666,-5.551115123125783e-17,-5.2735593669694933e-17,0.018297711089302757,-0.3807195315221765,0.04924033789370081,0.0008969748118083935,12,0.95,0.0,0.0,0.0,0.0,0.95,0.2533219377352457,0.2127596452964393
B,0.95,microscopic,5,43260806,0,0.0,0.0,1.0,0.95,0.9150081815654418,0.8356399913150787,0.05045833333333334,0.047921875,12,0.95,0.0,0.0,0.0,0.0,0.95,0.2533219377352457,0.2127596452964393
B,0.95,microscopic,5,43260806,1,0.06544984694978735,0.020833333333333332,0.8877910199906281,0.8434014689910967,0.8066966478994322,0.9913540527744606,0.04933515671320554,0.03993537006992705,12,0.95,0.0,0.0,0.0,0.0,0.95,0.2533219377352457,0.2127596452964393
B,0.95,microscopic,5,43260806,2,0.1308996938995747,0.041666666666666664,0.5940438203443975,0.5643416293271776,0.5326722177584435,0.986616061277283,0.04996159546983907,0.027424271208429607,12,0.95,0.0,0.0,0.0,0.0,0.95,0.2533219377352457,0.2127596452964393
B,0.95,microscopic,5,43260806,4,0.2617993877991494,0.08333333333333333,-0.08333333333333323,-0.07916666666666657,-0.0631308199203246,0.8840406689414402,0.04916125407577994,-0.0030686217006874895,12,0.95,0.0,0.0,0.0,0.0,0.95,0.2533219377352457,0.2127596452964393
B,0.95,microscopic,5,43260806,6,0.39269908169872414,0.125,-0.2511391455052437,-0.23858218822998148,-0.2565975236735004,0.9697492494755735,0.049686892046152786,-0.012407445365068612,12,0.95,0.0,0.0,0.0,0.0,0.95,0.2533219377352457,0.2127596452964393
B,0.95,microscopic,5,43260806,8,0.5235987755982988,0.16666666666666666,-5.551115123125783e-17,-5.2735593669694933e-17,0.0500181417795335,0.7101716854957214,0.050502296828143924,0.002482324551752511,12,0.95,0.0,0.0,0.0,0.0,0.95,0.2533219377352457,0.2127596452964393
B,0.95,microscopic,6,43260807,0,0.0,0.0,1.0,0.95,0.9153535688549319,0.9167547802440438,0.050739583333333324,0.04591666666666667,12,0.95,0.0,0.0,0.0,0.0,0.95,0.2533219377352457,0.2127596452964393
B,0.95,microscopic,6,43260807,1,0.06544984694978735,0.020833333333333332,0.8877910199906281,0.8434014689910967,0.8231086229740603,0.9925198848960204,0.05048751260820861,0.04170829406615935,12,0.95,0.0,0.0,0.0,0.0,0.95,0.2533219377352457,0.2127596452964393
B,0.95,microscopic,6,43260807,2,0.1308996938995747,0.041666666666666664,0.5940438203443975,0.5643416293271776,0.5484751027103967,0.9709121880257048,0.05093992108108808,0.027949472517646026,12,0.95,0.0,0.0,0.0,0.0,0.95,0.2533219377352457,0.2127596452964393
B,0.95,microscopic,6,43260807,4,0.2617993877991494,0.08333333333333333,-0.08333333333333323,-0.07916666666666657,-0.08623180190661388,0.7533145420708889,0.04979724063829108,-0.004271829228625666,12,0.95,0.0,0.0,0.0,0.0,0.95,0.2533219377352457,0.2127596452964393
B,0.95,microscopic,6,43260807,6,0.39269908169872414,0.125,-0.2511391455052437,-0.23858218822998148,-0.19409507884416918,0.9132201504181694,0.04939836522050006,-0.010087922044834326,12,0.95,0.0,0.0,0.0,0.0,0.95,0.2533219377352457,0.2127596452964393
B,0.95,microscopic,6,43260807,8,0.5235987755982988,0.16666666666666666,-5.551115123125783e-17,-5.2735593669694933e-17,0.004615875301584755,0.028367211928749914,0.04991106422138145,0.00023910919449900354,12,0.95,0.0,0.0,0.0,0.0,0.95,0.2533219377352457,0.2127596452964393
B,0.95,microscopic,7,43260808,0,0.0,0.0,1.0,0.95,0.9053018341096314,0.9032694249969806,0.050067708333333336,0.045989583333333334,12,0.95,0.0,0.0,0.0,0.0,0.95,0.2533219377352457,0.2127596452964393
B,0.95,microscopic,7,43260808,1,0.06544984694978735,0.020833333333333332,0.8877910199906281,0.8434014689910967,0.8072859449960973,0.983508819455941,0.050174068855394806,0.04130960130831107,12,0.95,0.0,0.0,0.0,0.0,0.95,0.2533219377352457,0.2127596452964393
B,0.95,microscopic,7,43260808,2,0.1308996938995747,0.041666666666666664,0.5940438203443975,0.5643416293271776,0.5551498578080531,0.9870360149594533,0.05044220987525823,0.028921145484075206,12,0.95,0.0,0.0,0.0,0.0,0.95,0.2533219377352457,0.2127596452964393
B,0.95,microscopic,7,43260808,4,0.2617993877991494,0.08333333333333333,-0.08333333333333323,-0.07916666666666657,-0.08114114584810456,0.5751701529145336,0.04957939931217492,-0.00421943733497037,12,0.95,0.0,0.0,0.0,0.0,0.95,0.2533219377352457,0.2127596452964393
B,0.95,microscopic,7,43260808,6,0.39269908169872414,0.125,-0.2511391455052437,-0.23858218822998148,-0.2391580174023465,0.9885384438914329,0.05074730007881652,-0.01186341041065507,12,0.95,0.0,0.0,0.0,0.0,0.95,0.2533219377352457,0.2127596452964393
B,0.95,microscopic,7,43260808,8,0.5235987755982988,0.16666666666666666,-5.551115123125783e-17,-5.2735593669694933e-17,0.00434729264927281,0.007106340882074291,0.050199939750626955,0.0002819978830179637,12,0.95,0.0,0.0,0.0,0.0,0.95,0.2533219377352457,0.2127596452964393
