sweep_parameter,sweep_value,dynamics,mode_index,q,q_over_pi,kernel_hat,lambda_theory,lambda_ratio_mean,lambda_ratio_std,n_seed,lambda_ratio_se,R,B,h,phi_bar,delta_h_minus_phi,m_star,Lambda_star,mu,sigma_eff
B,0.4,gaussian_map,0,0.0,0.0,1.0,0.4,1.0,0.0,8,0.0,12,0.4,0.0,0.0,0.0,0.0,0.4,0.10666186852010345,0.2127596452964393
B,0.4,gaussian_map,1,0.06544984694978735,0.020833333333333332,0.8877910199906281,0.35511640799625127,0.8837132020120517,0.013545131012100257,8,0.004788926995358147,12,0.4,0.0,0.0,0.0,0.0,0.4,0.10666186852010345,0.2127596452964393
B,0.4,gaussian_map,2,0.1308996938995747,0.041666666666666664,0.5940438203443975,0.23761752813775902,0.59415514809002,0.021207142869117342,8,0.007497857266172404,12,0.4,0.0,0.0,0.0,0.0,0.4,0.10666186852010345,0.2127596452964393
B,0.4,gaussian_map,4,0.2617993877991494,0.08333333333333333,-0.08333333333333323,-0.03333333333333329,-0.0833415217303776,0.01445904452817304,8,0.005112044217674701,12,0.4,0.0,0.0,0.0,0.0,0.4,0.10666186852010345,0.2127596452964393
B,0.4,gaussian_map,6,0.39269908169872414,0.125,-0.2511391455052437,-0.10045565820209748,-0.25284995881546357,0.020368939816871698,8,0.007201507735045325,12,0.4,0.0,0.0,0.0,0.0,0.4,0.10666186852010345,0.2127596452964393
B,0.4,gaussian_map,8,0.5235987755982988,0.16666666666666666,-5.551115123125783e-17,-2.2204460492503132e-17,-0.0014099865450149197,0.01370700138722214,8,0.004846156815319094,12,0.4,0.0,0.0,0.0,0.0,0.4,0.10666186852010345,0.2127596452964393
B,0.4,microscopic,0,0.0,0.0,1.0,0.4,1.0,0.0,8,0.0,12,0.4,0.0,0.0,0.0,0.0,0.4,0.10666186852010345,0.2127596452964393
B,0.4,microscopic,1,0.06544984694978735,0.020833333333333332,0.8877910199906281,0.35511640799625127,0.9273874771162759,0.07418762837261074,8,0.026229287551210283,12,0.4,0.0,0.0,0.0,0.0,0.4,0.10666186852010345,0.2127596452964393
B,0.4,microscopic,2,0.1308996938995747,0.041666666666666664,0.5940438203443975,0.23761752813775902,0.6037109131421454,0.07458722340933982,8,0.02637056573131009,12,0.4,0.0,0.0,0.0,0.0,0.4,0.10666186852010345,0.2127596452964393
B,0.4,microscopic,4,0.2617993877991494,0.08333333333333333,-0.08333333333333323,-0.03333333333333329,-0.09231213592136954,0.03897484512601769,8,0.013779688642151284,12,0.4,0.0,0.0,0.0,0.0,0.4,0.10666186852010345,0.2127596452964393
B,0.4,microscopic,6,0.39269908169872414,0.125,-0.2511391455052437,-0.10045565820209748,-0.24468774609613406,0.03231150802830729,8,0.011423843218589828,12,0.4,0.0,0.0,0.0,0.0,0.4,0.10666186852010345,0.2127596452964393
B,0.4,microscopic,8,0.5235987755982988,0.16666666666666666,-5.551115123125783e-17,-2.2204460492503132e-17,0.006010056718416976,0.03190734617842899,8,0.011280950426216905,12,0.4,0.0,0.0,0.0,0.0,0.4,0.10666186852010345,0.2127596452964393
B,0.6,gaussian_map,0,0.0,0.0,1.0,0.6,1.0,0.0,8,0.0,12,0.6,0.0,0.0,0.0,0.0,0.6,0.15999280278015515,0.2127596452964393
B,0.6,gaussian_map,1,0.06544984694978735,0.020833333333333332,0.8877910199906281,0.5326746119943768,0.8769308472494545,0.01265827339309576,8,0.00447537547718563,12,0.6,0.0,0.0,0.0,0.0,0.6,0.15999280278015515,0.2127596452964393
B,0.6,gaussian_map,2,0.1308996938995747,0.041666666666666664,0.5940438203443975,0.3564262922066385,0.596892486314917,0.015804841718556794,8,0.005587855377385778,12,0.6,0.0,0.0,0.0,0.0,0.6,0.15999280278015515,0.2127596452964393
B,0.6,gaussian_map,4,0.2617993877991494,0.08333333333333333,-0.08333333333333323,-0.04999999999999994,-0.0823683498747093,0.013091444618787302,8,0.004628524632736318,12,0.6,0.0,0.0,0.0,0.0,0.6,0.15999280278015515,0.2127596452964393
B,0.6,gaussian_map,6,0.39269908169872414,0.125,-0.2511391455052437,-0.1506834873031462,-0.25490677474994017,0.015402661927717172,8,0.005445663348706336,12,0.6,0.0,0.0,0.0,0.0,0.6,0.15999280278015515,0.2127596452964393
B,0.6,gaussian_map,8,0.5235987755982988,0.16666666666666666,-5.551115123125783e-17,-3.3306690738754695e-17,-0.0030019756148069107,0.018317388835247285,8,0.006476174929517055,12,0.6,0.0,0.0,0.0,0.0,0.6,0.15999280278015515,0.2127596452964393
B,0.6,microscopic,0,0.0,0.0,1.0,0.6,1.0,0.0,8,0.0,12,0.6,0.0,0.0,0.0,0.0,0.6,0.15999280278015515,0.2127596452964393
B,0.6,microscopic,1,0.06544984694978735,0.020833333333333332,0.8877910199906281,0.5326746119943768,0.8906184445515897,0.03716522989987885,8,0.013139893043280684,12,0.6,0.0,0.0,0.0,0.0,0.6,0.15999280278015515,0.2127596452964393
B,0.6,microscopic,2,0.1308996938995747,0.041666666666666664,0.5940438203443975,0.3564262922066385,0.6169667578185212,0.04991103868750947,8,0.01764621695600103,12,0.6,0.0,0.0,0.0,0.0,0.6,0.15999280278015515,0.2127596452964393
B,0.6,microscopic,4,0.2617993877991494,0.08333333333333333,-0.08333333333333323,-0.04999999999999994,-0.06062657826497907,0.022365271190435267,8,0.007907317460916453,12,0.6,0.0,0.0,0.0,0.0,0.6,0.15999280278015515,0.2127596452964393
B,0.6,microscopic,6,0.39269908169872414,0.125,-0.2511391455052437,-0.1506834873031462,-0.24552589331582686,0.015225541605136405,8,0.005383041858114931,12,0.6,0.0,0.0,0.0,0.0,0.6,0.15999280278015515,0.2127596452964393
B,0.6,microscopic,8,0.5235987755982988,0.16666666666666666,-5.551115123125783e-17,-3.3306690738754695e-17,0.009542359350879178,0.03258755827054236,8,0.011521441717706131,12,0.6,0.0,0.0,0.0,0.0,0.6,0.15999280278015515,0.2127596452964393
B,0.8,gaussian_map,0,0.0,0.0,1.0,0.8,1.0,0.0,8,0.0,12,0.8,0.0,0.0,0.0,0.0,0.8,0.2133237370402069,0.2127596452964393
B,0.8,gaussian_map,1,0.06544984694978735,0.020833333333333332,0.8877910199906281,0.7102328159925025,0.8914004165616811,0.009395795048453455,8,0.0033219151967002116,12,0.8,0.0,0.0,0.0,0.0,0.8,0.2133237370402069,0.2127596452964393
B,0.8,gaussian_map,2,0.1308996938995747,0.041666666666666664,0.5940438203443975,0.47523505627551804,0.5942835494070033,0.00565962348581615,8,0.002000979072891623,12,0.8,0.0,0.0,0.0,0.0,0.8,0.2133237370402069,0.2127596452964393
B,0.8,gaussian_map,4,0.2617993877991494,0.08333333333333333,-0.08333333333333323,-0.06666666666666658,-0.08671376931810272,0.00917997843956634,8,0.0032456125028818296,12,0.8,0.0,0.0,0.0,0.0,0.8,0.2133237370402069,0.2127596452964393
B,0.8,gaussian_map,6,0.39269908169872414,0.125,-0.2511391455052437,-0.20091131640419496,-0.25005544790287476,0.008709902003642784,8,0.003079415385123055,12,0.8,0.0,0.0,0.0,0.0,0.8,0.2133237370402069,0.2127596452964393
B,0.8,gaussian_map,8,0.5235987755982988,0.16666666666666666,-5.551115123125783e-17,-4.4408920985006264e-17,0.002151637054647032,0.009538309766256787,8,0.0033723017583890233,12,0.8,0.0,0.0,0.0,0.0,0.8,0.2133237370402069,0.2127596452964393
B,0.8,microscopic,0,0.0,0.0,1.0,0.8,1.0,0.0,8,0.0,12,0.8,0.0,0.0,0.0,0.0,0.8,0.2133237370402069,0.2127596452964393
B,0.8,microscopic,1,0.06544984694978735,0.020833333333333332,0.8877910199906281,0.7102328159925025,0.8945914645402813,0.010135759738325258,8,0.003583532221723688,12,0.8,0.0,0.0,0.0,0.0,0.8,0.2133237370402069,0.2127596452964393
B,0.8,microscopic,2,0.1308996938995747,0.041666666666666664,0.5940438203443975,0.47523505627551804,0.6134511092931236,0.02373437170466382,8,0.008391367589784952,12,0.8,0.0,0.0,0.0,0.0,0.8,0.2133237370402069,0.2127596452964393
B,0.8,microscopic,4,0.2617993877991494,0.08333333333333333,-0.08333333333333323,-0.06666666666666658,-0.07987702592729204,0.02102157261200702,8,0.007432248272577784,12,0.8,0.0,0.0,0.0,0.0,0.8,0.2133237370402069,0.2127596452964393
B,0.8,microscopic,6,0.39269908169872414,0.125,-0.2511391455052437,-0.20091131640419496,-0.24546698179813012,0.022838793590540998,8,0.008074732910995698,12,0.8,0.0,0.0,0.0,0.0,0.8,0.2133237370402069,0.2127596452964393
B,0.8,microscopic,8,0.5235987755982988,0.16666666666666666,-5.551115123125783e-17,-4.4408920985006264e-17,0.007535915820926286,0.03105200291987387,8,0.010978540917033644,12,0.8,0.0,0.0,0.0,0.0,0.8,0.2133237370402069,0.2127596452964393
B,0.95,gaussian_map,0,0.0,0.0,1.0,0.95,1.0,0.0,8,0.0,12,0.95,0.0,0.0,0.0,0.0,0.95,0.2533219377352457,0.2127596452964393
B,0.95,gaussian_map,1,0.06544984694978735,0.020833333333333332,0.8877910199906281,0.8434014689910967,0.8888563490365338,0.011100306117431503,8,0.003924550864441166,12,0.95,0.0,0.0,0.0,0.0,0.95,0.2533219377352457,0.2127596452964393
B,0.95,gaussian_map,2,0.1308996938995747,0.041666666666666664,0.5940438203443975,0.5643416293271776,0.5987713211394934,0.009484227600609515,8,0.0033531808253538034,12,0.95,0.0,0.0,0.0,0.0,0.95,0.2533219377352457,0.2127596452964393
B,0.95,gaussian_map,4,0.2617993877991494,0.08333333333333333,-0.08333333333333323,-0.07916666666666657,-0.08495949828413239,0.010166205757427464,8,0.0035942965150073405,12,0.95,0.0,0.0,0.0,0.0,0.95,0.2533219377352457,0.2127596452964393
B,0.95,gaussian_map,6,0.39269908169872414,0.125,-0.2511391455052437,-0.23858218822998148,-0.25904644077454636,0.009141162695243375,8,0.0032318890648680436,12,0.95,0.0,0.0,0.0,0.0,0.95,0.2533219377352457,0.2127596452964393
B,0.95,gaussian_map,8,0.5235987755982988,0.16666666666666666,-5.551115123125783e-17,-5.2735593669694933e-17,4.660703169559856e-05,0.010674795440385337,8,0.0037741101218378543,12,0.95,0.0,0.0,0.0,0.0,0.95,0.2533219377352457,0.2127596452964393
B,0.95,microscopic,0,0.0,0.0,1.0,0.95,1.0,0.0,8,0.0,12,0.95,0.0,0.0,0.0,0.0,0.95,0.2533219377352457,0.2127596452964393
B,0.95,microscopic,1,0.06544984694978735,0.020833333333333332,0.8877910199906281,0.8434014689910967,0.8935060505671674,0.030945894844603753,8,0.010941026047252566,12,0.95,0.0,0.0,0.0,0.0,0.95,0.2533219377352457,0.2127596452964393
B,0.95,microscopic,2,0.1308996938995747,0.041666666666666664,0.5940438203443975,0.5643416293271776,0.6024023955707024,0.013372695602242465,8,0.004727961871544584,12,0.95,0.0,0.0,0.0,0.0,0.95,0.2533219377352457,0.2127596452964393
B,0.95,microscopic,4,0.2617993877991494,0.08333333333333333,-0.08333333333333323,-0.07916666666666657,-0.08601618557619792,0.02473345436394491,8,0.008744596651456726,12,0.95,0.0,0.0,0.0,0.0,0.95,0.2533219377352457,0.2127596452964393
B,0.95,microscopic,6,0.39269908169872414,0.125,-0.2511391455052437,-0.23858218822998148,-0.2540481456484931,0.025026808732581264,8,0.008848313083133458,12,0.95,0.0,0.0,0.0,0.0,0.95,0.2533219377352457,0.2127596452964393
B,0.95,microscopic,8,0.5235987755982988,0.16666666666666666,-5.551115123125783e-17,-5.2735593669694933e-17,0.0002692850649151559,0.02840713565230845,8,0.010043439126916721,12,0.95,0.0,0.0,0.0,0.0,0.95,0.2533219377352457,0.2127596452964393
