dynamics,seed_index,seed,mode_index,q,q_over_pi,kernel_hat,lambda_theory,lambda_fit,fit_r2,A0,A1
gaussian_map,0,20260801,0,0.0,0.0,1.0,0.72,0.7014530124287707,0.9995722031870143,0.049765624999999994,0.034796875000000005
gaussian_map,0,20260801,1,0.06544984694978735,0.020833333333333332,0.8877910199906281,0.6392095343932522,0.6167405828257714,0.997030845887945,0.0499299575829419,0.030410315667493835
gaussian_map,0,20260801,2,0.1308996938995747,0.041666666666666664,0.5940438203443975,0.4277115506479662,0.41838081236732483,0.9988190876239663,0.05098416554883576,0.021469425250200947
gaussian_map,0,20260801,4,0.2617993877991494,0.08333333333333333,-0.08333333333333323,-0.05999999999999992,-0.06049644538222789,0.9540427547251293,0.0501759293985499,-0.0030653760120473404
gaussian_map,0,20260801,6,0.39269908169872414,0.125,-0.2511391455052437,-0.18082018476377545,-0.18026835641738514,0.9962762822775468,0.04930774601263278,-0.00893901526935532
gaussian_map,0,20260801,8,0.5235987755982988,0.16666666666666666,-5.551115123125783e-17,-3.9968028886505634e-17,-0.013158126442268213,0.4139575687336142,0.05067237547013196,-0.0006695311536207614
gaussian_map,1,20260802,0,0.0,0.0,1.0,0.72,0.7069348339050183,0.9999766468505058,0.04866145833333333,0.03440104166666667
gaussian_map,1,20260802,1,0.06544984694978735,0.020833333333333332,0.8877910199906281,0.6392095343932522,0.6282958155411857,0.9997616608150661,0.04988811912087639,0.03145691298528582
gaussian_map,1,20260802,2,0.1308996938995747,0.041666666666666664,0.5940438203443975,0.4277115506479662,0.4278880696061176,0.9979403191916142,0.04913481349710053,0.02108690543940241
gaussian_map,1,20260802,4,0.2617993877991494,0.08333333333333333,-0.08333333333333323,-0.05999999999999992,-0.05138519636839646,0.9457500630211275,0.05132313244335256,-0.002618924910042112
gaussian_map,1,20260802,6,0.39269908169872414,0.125,-0.2511391455052437,-0.18082018476377545,-0.16415045941090214,0.9988192692266786,0.04975772922514014,-0.00819037703440103
gaussian_map,1,20260802,8,0.5235987755982988,0.16666666666666666,-5.551115123125783e-17,-3.9968028886505634e-17,0.0016907858365867578,-0.08106753616670703,0.04862752407058704,8.238505566467342e-05
gaussian_map,2,20260803,0,0.0,0.0,1.0,0.72,0.7063605559794425,0.9997759338598787,0.04941145833333333,0.03491145833333333
gaussian_map,2,20260803,1,0.06544984694978735,0.020833333333333332,0.8877910199906281,0.6392095343932522,0.6285701571490323,0.9995936068063833,0.050452888342397986,0.03173352523045783
gaussian_map,2,20260803,2,0.1308996938995747,0.041666666666666664,0.5940438203443975,0.4277115506479662,0.4200419625075517,0.9968607885147801,0.05010184714216466,0.02092896308778879
gaussian_map,2,20260803,4,0.2617993877991494,0.08333333333333333,-0.08333333333333323,-0.05999999999999992,-0.06011506910862218,0.9856273850606152,0.051275638066182086,-0.0030705110023016486
gaussian_map,2,20260803,6,0.39269908169872414,0.125,-0.2511391455052437,-0.18082018476377545,-0.18376957151178472,0.992307636540169,0.05077201357167084,-0.009247037755140188
gaussian_map,2,20260803,8,0.5235987755982988,0.16666666666666666,-5.551115123125783e-17,-3.9968028886505634e-17,-0.014628625642757376,0.9386784763892884,0.05038414762657906,-0.0007368655454451131
gaussian_map,3,20260804,0,0.0,0.0,1.0,0.72,0.7084877774978025,0.999952134785886,0.05040625,0.03578645833333333
gaussian_map,3,20260804,1,0.06544984694978735,0.020833333333333332,0.8877910199906281,0.6392095343932522,0.6111499242803343,0.998459916767895,0.050720736590624795,0.030611891078694265
gaussian_map,3,20260804,2,0.1308996938995747,0.041666666666666664,0.5940438203443975,0.4277115506479662,0.4297173710264688,0.9990843305034693,0.050734630894401514,0.021747378594476813
gaussian_map,3,20260804,4,0.2617993877991494,0.08333333333333333,-0.08333333333333323,-0.05999999999999992,-0.05659989869075282,0.9838966261519828,0.05082626200666291,-0.002870207184903084
gaussian_map,3,20260804,6,0.39269908169872414,0.125,-0.2511391455052437,-0.18082018476377545,-0.18097831392995814,0.9980191699441204,0.05004261021734533,-0.008992717901035641
gaussian_map,3,20260804,8,0.5235987755982988,0.16666666666666666,-5.551115123125783e-17,-3.9968028886505634e-17,5.9052049849910634e-05,-2.537328184366521,0.05046471667028364,1.7695102195603026e-06
gaussian_map,4,20260805,0,0.0,0.0,1.0,0.72,0.7125794641725367,0.9992428199997683,0.05001041666666667,0.035859375
gaussian_map,4,20260805,1,0.06544984694978735,0.020833333333333332,0.8877910199906281,0.6392095343932522,0.6294204261308554,0.9992653197642393,0.049809506326452715,0.031603749532886756
gaussian_map,4,20260805,2,0.1308996938995747,0.041666666666666664,0.5940438203443975,0.4277115506479662,0.4219142850340242,0.9994915194852986,0.049230465493220084,0.020830480270947062
gaussian_map,4,20260805,4,0.2617993877991494,0.08333333333333333,-0.08333333333333323,-0.05999999999999992,-0.050323665299908615,0.9902267202169154,0.05032862166474751,-0.002527145148046328
gaussian_map,4,20260805,6,0.39269908169872414,0.125,-0.2511391455052437,-0.18082018476377545,-0.17742057513862378,0.9960019651692696,0.05001167811383103,-0.008825491853091283
gaussian_map,4,20260805,8,0.5235987755982988,0.16666666666666666,-5.551115123125783e-17,-3.9968028886505634e-17,-0.0010820602399647602,-0.025321824318447428,0.04912861904732156,-5.200998380039618e-05
gaussian_map,5,20260806,0,0.0,0.0,1.0,0.72,0.7088474397247749,0.9994559928493373,0.04927083333333333,0.035046875
gaussian_map,5,20260806,1,0.06544984694978735,0.020833333333333332,0.8877910199906281,0.6392095343932522,0.625574086123909,0.9993263368014283,0.049193289264382045,0.030635707547852595
gaussian_map,5,20260806,2,0.1308996938995747,0.041666666666666664,0.5940438203443975,0.4277115506479662,0.4162824335330265,0.997717701055924,0.05070858504730591,0.020828528339231357
gaussian_map,5,20260806,4,0.2617993877991494,0.08333333333333333,-0.08333333333333323,-0.05999999999999992,-0.05208001865474302,0.9905400660432513,0.04921623589677067,-0.002555335970241019
gaussian_map,5,20260806,6,0.39269908169872414,0.125,-0.2511391455052437,-0.18082018476377545,-0.18200007840967744,0.9995768117987558,0.04897436226323857,-0.008927124199046819
gaussian_map,5,20260806,8,0.5235987755982988,0.16666666666666666,-5.551115123125783e-17,-3.9968028886505634e-17,-0.006500842645652535,-1.0241853249540487,0.05052347725519383,-0.00032962076603592684
gaussian_map,6,20260807,0,0.0,0.0,1.0,0.72,0.7134233152450689,0.9964804889245147,0.05038020833333333,0.03569791666666666
gaussian_map,6,20260807,1,0.06544984694978735,0.020833333333333332,0.8877910199906281,0.6392095343932522,0.6304458089282776,0.9994099129696836,0.04951016636453323,0.030966796603364044
gaussian_map,6,20260807,2,0.1308996938995747,0.041666666666666664,0.5940438203443975,0.4277115506479662,0.41564526920255024,0.9991014194123955,0.04984746460988854,0.020899463876151304
gaussian_map,6,20260807,4,0.2617993877991494,0.08333333333333333,-0.08333333333333323,-0.05999999999999992,-0.04398792212921901,0.9740049827597994,0.05015302534782668,-0.0022033400211384363
gaussian_map,6,20260807,6,0.39269908169872414,0.125,-0.2511391455052437,-0.18082018476377545,-0.17921095208235122,0.9960565915373859,0.049757149060520284,-0.008969724615409244
gaussian_map,6,20260807,8,0.5235987755982988,0.16666666666666666,-5.551115123125783e-17,-3.9968028886505634e-17,-0.008958496080953282,-6.514661489775395,0.049925567396854505,-0.0004634414693413185
gaussian_map,7,20260808,0,0.0,0.0,1.0,0.72,0.7043683800076913,0.9989499405129789,0.05043229166666666,0.035229166666666666
gaussian_map,7,20260808,1,0.06544984694978735,0.020833333333333332,0.8877910199906281,0.6392095343932522,0.6307311376486749,0.9996906673205448,0.051356334861849096,0.03258115117151675
gaussian_map,7,20260808,2,0.1308996938995747,0.041666666666666664,0.5940438203443975,0.4277115506479662,0.43019177190756985,0.9988394370711087,0.05039841147487889,0.021720942667893317
gaussian_map,7,20260808,4,0.2617993877991494,0.08333333333333333,-0.08333333333333323,-0.05999999999999992,-0.05650644582465366,0.9043670189776121,0.05072609402736469,-0.002862399518483194
gaussian_map,7,20260808,6,0.39269908169872414,0.125,-0.2511391455052437,-0.18082018476377545,-0.17779407544712325,0.997299715585696,0.04968314437409349,-0.008872722739924087
gaussian_map,7,20260808,8,0.5235987755982988,0.16666666666666666,-5.551115123125783e-17,-3.9968028886505634e-17,-0.005784308743479248,0.5436698850264869,0.05021611223899423,-0.00028942301761277633
gaussian_map,8,20260809,0,0.0,0.0,1.0,0.72,0.7024753704266877,0.999417519783455,0.049317708333333335,0.03438541666666667
gaussian_map,8,20260809,1,0.06544984694978735,0.020833333333333332,0.8877910199906281,0.6392095343932522,0.6261298756884065,0.9992675840988237,0.05012150201781254,0.03143896900063368
gaussian_map,8,20260809,2,0.1308996938995747,0.041666666666666664,0.5940438203443975,0.4277115506479662,0.4214440091971406,0.9996130583918632,0.05066207025991329,0.02130831410174465
gaussian_map,8,20260809,4,0.2617993877991494,0.08333333333333333,-0.08333333333333323,-0.05999999999999992,-0.057381452787323914,0.9686438220025672,0.05009551931907378,-0.002869445695726978
gaussian_map,8,20260809,6,0.39269908169872414,0.125,-0.2511391455052437,-0.18082018476377545,-0.1734592099928354,0.9947505534797499,0.05088217195881745,-0.008771157565182527
gaussian_map,8,20260809,8,0.5235987755982988,0.16666666666666666,-5.551115123125783e-17,-3.9968028886505634e-17,0.020097371168303867,0.9978168008191534,0.04860883418898224,0.00097767090063074
gaussian_map,9,20260810,0,0.0,0.0,1.0,0.72,0.7007396545591301,0.9985662944041706,0.049520833333333326,0.035119791666666664
gaussian_map,9,20260810,1,0.06544984694978735,0.020833333333333332,0.8877910199906281,0.6392095343932522,0.6382834091548842,0.9942260813557192,0.0501863449209657,0.03273563550731405
gaussian_map,9,20260810,2,0.1308996938995747,0.041666666666666664,0.5940438203443975,0.4277115506479662,0.4342402675226617,0.9985974909838771,0.0488380650185823,0.021409658757048984
gaussian_map,9,20260810,4,0.2617993877991494,0.08333333333333333,-0.08333333333333323,-0.05999999999999992,-0.06233432634192427,0.92160479030777,0.050227683276069614,-0.003083104867828776
gaussian_map,9,20260810,6,0.39269908169872414,0.125,-0.2511391455052437,-0.18082018476377545,-0.1855723502929484,0.9946155195675681,0.05028848185543564,-0.00944498292726291
gaussian_map,9,20260810,8,0.5235987755982988,0.16666666666666666,-5.551115123125783e-17,-3.9968028886505634e-17,0.013789158301902558,-0.504005471862853,0.050343355888048114,0.0006877737441836334
gaussian_map,10,20260811,0,0.0,0.0,1.0,0.72,0.7152432204913088,0.9985781957676105,0.04930729166666667,0.03552604166666666
gaussian_map,10,20260811,1,0.06544984694978735,0.020833333333333332,0.8877910199906281,0.6392095343932522,0.6126401964073008,0.9988749935638435,0.049581008209872525,0.030359917582972844
gaussian_map,10,20260811,2,0.1308996938995747,0.041666666666666664,0.5940438203443975,0.4277115506479662,0.4116482125243645,0.9974943011817092,0.049736863998324755,0.02019694465071594
gaussian_map,10,20260811,4,0.2617993877991494,0.08333333333333333,-0.08333333333333323,-0.05999999999999992,-0.05542121239037075,0.9717736729479874,0.04981963995106807,-0.002740657927228913
gaussian_map,10,20260811,6,0.39269908169872414,0.125,-0.2511391455052437,-0.18082018476377545,-0.1824995087316997,0.9972106138945701,0.04971612905804451,-0.009104824348505713
gaussian_map,10,20260811,8,0.5235987755982988,0.16666666666666666,-5.551115123125783e-17,-3.9968028886505634e-17,0.0012779748423566266,-1.771180936091445,0.05056684008254712,5.97088625788424e-05
gaussian_map,11,20260812,0,0.0,0.0,1.0,0.72,0.7063251216602496,0.9997241329125495,0.049937499999999996,0.03546875
gaussian_map,11,20260812,1,0.06544984694978735,0.020833333333333332,0.8877910199906281,0.6392095343932522,0.6134330303548492,0.998809445881158,0.05134963609211569,0.031237388373994847
gaussian_map,11,20260812,2,0.1308996938995747,0.041666666666666664,0.5940438203443975,0.4277115506479662,0.40750523073765005,0.9990416461346953,0.050353917445855136,0.020342780483825817
gaussian_map,11,20260812,4,0.2617993877991494,0.08333333333333333,-0.08333333333333323,-0.05999999999999992,-0.055094695346156415,0.9868906560873839,0.05026642625525483,-0.002758677576567967
gaussian_map,11,20260812,6,0.39269908169872414,0.125,-0.2511391455052437,-0.18082018476377545,-0.17568669328946726,0.9927194024946351,0.05023857504774783,-0.008832685540007889
gaussian_map,11,20260812,8,0.5235987755982988,0.16666666666666666,-5.551115123125783e-17,-3.9968028886505634e-17,-0.0015333702180649364,-0.10574043526175503,0.049092087364455306,-7.560760676247616e-05
