sweep_parameter,sweep_value,dynamics,t,theory_norm_mean,theory_norm_se,amp_mean,amp_se,amp_norm_mean,amp_norm_se,R,B,h,phi_bar,delta_h_minus_phi,m_star,Lambda_star,mu,sigma_eff
R,6.0,gaussian_map,0,1.0,0.0,0.049763098472685126,0.000118853834702672,1.0,0.0,6,0.72,0.0,0.0,0.0,0.0,0.72,0.2660636845840808,0.29484459183327977
R,6.0,gaussian_map,1,0.6297282894523665,0.0,0.030317520087400594,0.0002121860304658696,0.6092389084606192,0.004044393111471202,6,0.72,0.0,0.0,0.0,0.0,0.72,0.2660636845840808,0.29484459183327977
R,6.0,gaussian_map,2,0.3965577185366035,2.0981243021257878e-17,0.018533525864279886,0.00018452738597554558,0.37241892000095445,0.0033462439371149608,6,0.72,0.0,0.0,0.0,0.0,0.72,0.2660636845840808,0.29484459183327977
R,6.0,gaussian_map,3,0.24972361376318825,2.0981243021257878e-17,0.011284727961457445,0.00012077178564170936,0.22676217556303974,0.0022734477902734435,6,0.72,0.0,0.0,0.0,0.0,0.72,0.2660636845840808,0.29484459183327977
R,6.0,gaussian_map,4,0.157258024130956,0.0,0.00673710395593338,0.00016149657942225975,0.13538132454087076,0.00321651339328712,6,0.72,0.0,0.0,0.0,0.0,0.72,0.2660636845840808,0.29484459183327977
R,6.0,gaussian_map,5,0.0990298265386459,0.0,0.004096477226613312,0.0001279276317545946,0.08232991390456462,0.002609236429794498,6,0.72,0.0,0.0,0.0,0.0,0.72,0.2660636845840808,0.29484459183327977
R,6.0,gaussian_map,6,0.06236188327094605,0.0,0.0025656748771703004,9.715723476211572e-05,0.051564671207195455,0.0019717435843398376,6,0.72,0.0,0.0,0.0,0.0,0.72,0.2660636845840808,0.29484459183327977
R,6.0,gaussian_map,7,0.039271042079241,0.0,0.001560508886484098,8.678739755832976e-05,0.031376017668352726,0.001782475210415009,6,0.72,0.0,0.0,0.0,0.0,0.72,0.2660636845840808,0.29484459183327977
R,6.0,gaussian_map,8,0.02473008615357234,1.3113276888286174e-18,0.0009217464446129214,5.342872547177516e-05,0.018528360260156997,0.0010869659607694068,6,0.72,0.0,0.0,0.0,0.0,0.72,0.2660636845840808,0.29484459183327977
R,6.0,gaussian_map,9,0.015573234851498764,0.0,0.0006106063475166852,5.008457815873446e-05,0.012271633143191614,0.001008931649347707,6,0.72,0.0,0.0,0.0,0.0,0.72,0.2660636845840808,0.29484459183327977
R,6.0,gaussian_map,10,0.009806906544274295,0.0,0.00038313687083096275,4.392383639384133e-05,0.007695614479102214,0.0008771064496585662,6,0.72,0.0,0.0,0.0,0.0,0.72,0.2660636845840808,0.29484459183327977
R,6.0,gaussian_map,11,0.006175686482945071,3.2783192220715434e-19,0.00026701799915288937,3.648581469332349e-05,0.005365549065145049,0.0007334258850474121,6,0.72,0.0,0.0,0.0,0.0,0.72,0.2660636845840808,0.29484459183327977
R,6.0,gaussian_map,12,0.003889004485099101,1.6391596110357717e-19,0.00017324138076131758,1.723898034984894e-05,0.003479155292169332,0.00034305527339421426,6,0.72,0.0,0.0,0.0,0.0,0.72,0.2660636845840808,0.29484459183327977
R,6.0,gaussian_map,13,0.002449016142074038,1.6391596110357717e-19,0.00010624937588864588,2.2560526396007584e-05,0.002132491794387593,0.0004527581375519119,6,0.72,0.0,0.0,0.0,0.0,0.72,0.2660636845840808,0.29484459183327977
R,6.0,gaussian_map,14,0.0015422147459895172,8.195798055178859e-20,6.0776848794966335e-05,2.106081972917889e-05,0.0012192933527309822,0.0004233236159468487,6,0.72,0.0,0.0,0.0,0.0,0.72,0.2660636845840808,0.29484459183327977
R,6.0,gaussian_map,15,0.0009711762539601947,0.0,8.9543171298522e-06,8.892331720576174e-06,0.00018000854275447472,0.00017904519899092166,6,0.72,0.0,0.0,0.0,0.0,0.72,0.2660636845840808,0.29484459183327977
R,6.0,gaussian_map,16,0.0006115771611631102,4.0978990275894293e-20,1.5652004357004482e-06,6.619830186994354e-06,3.157414469906232e-05,0.00013313304815817728,6,0.72,0.0,0.0,0.0,0.0,0.72,0.2660636845840808,0.29484459183327977
R,6.0,gaussian_map,17,0.0003851274395673798,0.0,-2.7750273021693933e-06,1.0649676342032416e-05,-5.456150191500689e-05,0.00021458641194055676,6,0.72,0.0,0.0,0.0,0.0,0.72,0.2660636845840808,0.29484459183327977
R,6.0,gaussian_map,18,0.0002425256437399357,1.0244747568973573e-20,5.893015925274662e-06,8.195919279843454e-06,0.00011920015726696753,0.00016506823559841956,6,0.72,0.0,0.0,0.0,0.0,0.72,0.2660636845840808,0.29484459183327977
R,6.0,gaussian_map,19,0.00015272525878068374,0.0,4.855781527299462e-06,8.073828694694116e-06,9.805525586304899e-05,0.0001621572521517299,6,0.72,0.0,0.0,0.0,0.0,0.72,0.2660636845840808,0.29484459183327977
R,6.0,gaussian_map,20,9.617541596813e-05,0.0,6.4092605411334734e-06,1.0000745919073242e-05,0.00012912629533318843,0.00020120615226429535,6,0.72,0.0,0.0,0.0,0.0,0.72,0.2660636845840808,0.29484459183327977
R,6.0,gaussian_map,21,6.056438018498032e-05,2.5611868922433933e-21,7.756331451712185e-06,5.937232347476501e-06,0.00015621026578389814,0.0001192780535036922,6,0.72,0.0,0.0,0.0,0.0,0.72,0.2660636845840808,0.29484459183327977
R,6.0,gaussian_map,22,3.813910353563045e-05,0.0,9.525920391811073e-07,3.760825140422408e-06,1.9398941035335423e-05,7.540227750668464e-05,6,0.72,0.0,0.0,0.0,0.0,0.72,0.2660636845840808,0.29484459183327977
R,6.0,gaussian_map,23,2.401727243073927e-05,1.2805934461216967e-21,-3.709613132863633e-07,1.8259457047570015e-06,-7.404395839450467e-06,3.660527754828292e-05,6,0.72,0.0,0.0,0.0,0.0,0.72,0.2660636845840808,0.29484459183327977
R,6.0,gaussian_map,24,1.5124355885120918e-05,0.0,-1.370016126814787e-06,1.4256802356597431e-06,-2.740802501159478e-05,2.861421029872864e-05,6,0.72,0.0,0.0,0.0,0.0,0.72,0.2660636845840808,0.29484459183327977
R,6.0,gaussian_map,25,9.524234760606028e-06,0.0,-5.837079896927441e-07,1.0246631773995423e-06,-1.1645920658573078e-05,2.05165700029475e-05,6,0.72,0.0,0.0,0.0,0.0,0.72,0.2660636845840808,0.29484459183327977
R,6.0,gaussian_map,26,5.997680064139203e-06,3.2014836153042417e-22,0.0,0.0,0.0,0.0,6,0.72,0.0,0.0,0.0,0.0,0.72,0.2660636845840808,0.29484459183327977
R,6.0,gaussian_map,27,3.77690880747294e-06,0.0,0.0,0.0,0.0,0.0,6,0.72,0.0,0.0,0.0,0.0,0.72,0.2660636845840808,0.29484459183327977
R,6.0,gaussian_map,28,2.3784263227475116e-06,0.0,0.0,0.0,0.0,0.0,6,0.72,0.0,0.0,0.0,0.0,0.72,0.2660636845840808,0.29484459183327977
R,6.0,gaussian_map,29,1.497762339812273e-06,8.003709038260604e-23,0.0,0.0,0.0,0.0,6,0.72,0.0,0.0,0.0,0.0,0.72,0.2660636845840808,0.29484459183327977
R,6.0,gaussian_map,30,9.431833162561563e-07,8.003709038260604e-23,0.0,0.0,0.0,0.0,6,0.72,0.0,0.0,0.0,0.0,0.72,0.2660636845840808,0.29484459183327977
R,6.0,gaussian_map,31,5.939492163859999e-07,0.0,0.0,0.0,0.0,0.0,6,0.72,0.0,0.0,0.0,0.0,0.72,0.2660636845840808,0.29484459183327977
R,6.0,gaussian_map,32,3.740266240563292e-07,0.0,0.0,0.0,0.0,0.0,6,0.72,0.0,0.0,0.0,0.0,0.72,0.2660636845840808,0.29484459183327977
R,6.0,gaussian_map,33,2.355351461766355e-07,0.0,0.0,0.0,0.0,0.0,6,0.72,0.0,0.0,0.0,0.0,0.72,0.2660636845840808,0.29484459183327977
R,6.0,gaussian_map,34,1.4832314470772577e-07,0.0,0.0,0.0,0.0,0.0,6,0.72,0.0,0.0,0.0,0.0,0.72,0.2660636845840808,0.29484459183327977
R,6.0,gaussian_map,35,9.340328020299199e-08,0.0,0.0,0.0,0.0,0.0,6,0.72,0.0,0.0,0.0,0.0,0.72,0.2660636845840808,0.29484459183327977
R,6.0,gaussian_map,36,5.881868787147022e-08,0.0,0.0,0.0,0.0,0.0,6,0.72,0.0,0.0,0.0,0.0,0.72,0.2660636845840808,0.29484459183327977
R,6.0,gaussian_map,37,3.7039791701133596e-08,0.0,0.0,0.0,0.0,0.0,6,0.72,0.0,0.0,0.0,0.0,0.72,0.2660636845840808,0.29484459183327977
R,6.0,gaussian_map,38,2.332500466962682e-08,1.2505795372282194e-24,0.0,0.0,0.0,0.0,6,0.72,0.0,0.0,0.0,0.0,0.72,0.2660636845840808,0.29484459183327977
R,6.0,gaussian_map,39,1.4688415292072556e-08,6.252897686141097e-25,0.0,0.0,0.0,0.0,6,0.72,0.0,0.0,0.0,0.0,0.72,0.2660636845840808,0.29484459183327977
R,6.0,gaussian_map,40,9.249710636642833e-09,0.0,0.0,0.0,0.0,0.0,6,0.72,0.0,0.0,0.0,0.0,0.72,0.2660636845840808,0.29484459183327977
R,6.0,microscopic,0,1.0,0.0,0.049763098472685126,0.000118853834702672,1.0,0.0,6,0.72,0.0,0.0,0.0,0.0,0.72,0.2660636845840808,0.29484459183327977
R,6.0,microscopic,1,0.6297282894523665,0.0,0.030915967136890782,0.00023112965089705173,0.621264433353216,0.0044507660654147345,6,0.72,0.0,0.0,0.0,0.0,0.72,0.2660636845840808,0.29484459183327977
R,6.0,microscopic,2,0.3965577185366035,2.0981243021257878e-17,0.018849339164590206,0.0004411201216498891,0.3788511144802458,0.009208731647138995,6,0.72,0.0,0.0,0.0,0.0,0.72,0.2660636845840808,0.29484459183327977
R,6.0,microscopic,3,0.24972361376318825,2.0981243021257878e-17,0.011556315393420993,0.00045685808637241354,0.23228784979086387,0.009352603134652823,6,0.72,0.0,0.0,0.0,0.0,0.72,0.2660636845840808,0.29484459183327977
R,6.0,microscopic,4,0.157258024130956,0.0,0.007090665536727593,0.0005861484493464115,0.142613525786142,0.012008282734639664,6,0.72,0.0,0.0,0.0,0.0,0.72,0.2660636845840808,0.29484459183327977
R,6.0,microscopic,5,0.0990298265386459,0.0,0.004489073794322094,0.0004328118063387347,0.09026991131938218,0.008790234844855116,6,0.72,0.0,0.0,0.0,0.0,0.72,0.2660636845840808,0.29484459183327977
R,6.0,microscopic,6,0.06236188327094605,0.0,0.002110417629243316,0.0006387905636074864,0.04228587565544571,0.012800165429633074,6,0.72,0.0,0.0,0.0,0.0,0.72,0.2660636845840808,0.29484459183327977
R,6.0,microscopic,7,0.039271042079241,0.0,0.0023886368010683657,0.0006405499499787296,0.04797962135594322,0.01284670048432382,6,0.72,0.0,0.0,0.0,0.0,0.72,0.2660636845840808,0.29484459183327977
R,6.0,microscopic,8,0.02473008615357234,1.3113276888286174e-18,0.0006835120098791881,0.0007274009852289696,0.013639816067075053,0.014620438511222786,6,0.72,0.0,0.0,0.0,0.0,0.72,0.2660636845840808,0.29484459183327977
R,6.0,microscopic,9,0.015573234851498764,0.0,-0.00021726162765531456,0.0006008894722714926,-0.00428478956966735,0.01205020532371805,6,0.72,0.0,0.0,0.0,0.0,0.72,0.2660636845840808,0.29484459183327977
R,6.0,microscopic,10,0.009806906544274295,0.0,0.00014933574465205286,0.000683490879520538,0.003073346697359376,0.013766778903972684,6,0.72,0.0,0.0,0.0,0.0,0.72,0.2660636845840808,0.29484459183327977
R,6.0,microscopic,11,0.006175686482945071,3.2783192220715434e-19,-0.00032123600333254076,0.0004660194485461354,-0.006322746475529899,0.009301633268817677,6,0.72,0.0,0.0,0.0,0.0,0.72,0.2660636845840808,0.29484459183327977
R,6.0,microscopic,12,0.003889004485099101,1.6391596110357717e-19,0.0005631453671992228,0.0007584193489975767,0.011440308712028646,0.015245208000802745,6,0.72,0.0,0.0,0.0,0.0,0.72,0.2660636845840808,0.29484459183327977
R,6.0,microscopic,13,0.002449016142074038,1.6391596110357717e-19,0.0003375467827050505,0.000939574448859443,0.006896996341763984,0.018889710847455197,6,0.72,0.0,0.0,0.0,0.0,0.72,0.2660636845840808,0.29484459183327977
R,6.0,microscopic,14,0.0015422147459895172,8.195798055178859e-20,-0.0011359736604813896,0.0010221628095423215,-0.022698774433801645,0.020562633107634648,6,0.72,0.0,0.0,0.0,0.0,0.72,0.2660636845840808,0.29484459183327977
R,6.0,microscopic,15,0.0009711762539601947,0.0,-0.0024151389803814937,0.0011205609981433922,-0.04863469478315962,0.022583982698564112,6,0.72,0.0,0.0,0.0,0.0,0.72,0.2660636845840808,0.29484459183327977
R,6.0,microscopic,16,0.0006115771611631102,4.0978990275894293e-20,-0.0020126760232533026,0.000680891344917084,-0.04043676356659792,0.013674573246312544,6,0.72,0.0,0.0,0.0,0.0,0.72,0.2660636845840808,0.29484459183327977
R,6.0,microscopic,17,0.0003851274395673798,0.0,-0.0006660024937781435,0.0009998423567058397,-0.013566761537585445,0.02017730295995271,6,0.72,0.0,0.0,0.0,0.0,0.72,0.2660636845840808,0.29484459183327977
R,6.0,microscopic,18,0.0002425256437399357,1.0244747568973573e-20,-0.00040825058171082293,0.0009598004036308832,-0.008207652422864602,0.019225604089660935,6,0.72,0.0,0.0,0.0,0.0,0.72,0.2660636845840808,0.29484459183327977
R,6.0,microscopic,19,0.00015272525878068374,0.0,-0.0006619918059669519,0.0007928465745381457,-0.013232565587029763,0.015899537869268034,6,0.72,0.0,0.0,0.0,0.0,0.72,0.2660636845840808,0.29484459183327977
R,6.0,microscopic,20,9.617541596813e-05,0.0,-0.002291610625050962,0.0006466191114516521,-0.04599951773394444,0.01296741993030542,6,0.72,0.0,0.0,0.0,0.0,0.72,0.2660636845840808,0.29484459183327977
R,6.0,microscopic,21,6.056438018498032e-05,2.5611868922433933e-21,-0.0020113787040016307,0.0009502020916272421,-0.040514894898305405,0.019142631673192693,6,0.72,0.0,0.0,0.0,0.0,0.72,0.2660636845840808,0.29484459183327977
R,6.0,microscopic,22,3.813910353563045e-05,0.0,-0.0010976803594283553,0.001150566147306926,-0.02212639555580278,0.02309849688547323,6,0.72,0.0,0.0,0.0,0.0,0.72,0.2660636845840808,0.29484459183327977
R,6.0,microscopic,23,2.401727243073927e-05,1.2805934461216967e-21,-6.202622323018186e-05,0.001118451691532404,-0.0012860289953960163,0.022497028803667447,6,0.72,0.0,0.0,0.0,0.0,0.72,0.2660636845840808,0.29484459183327977
R,6.0,microscopic,24,1.5124355885120918e-05,0.0,-0.00013131756067511895,0.001149189550607599,-0.002751114472255183,0.023136719377191604,6,0.72,0.0,0.0,0.0,0.0,0.72,0.2660636845840808,0.29484459183327977
R,6.0,microscopic,25,9.524234760606028e-06,0.0,-0.0002800583348385093,0.0009819754781226473,-0.0057504321605767236,0.01973925109507952,6,0.72,0.0,0.0,0.0,0.0,0.72,0.2660636845840808,0.29484459183327977
R,6.0,microscopic,26,5.997680064139203e-06,3.2014836153042417e-22,-0.0003797327776344883,0.0007398746321929159,-0.007773629297262735,0.014941033907514901,6,0.72,0.0,0.0,0.0,0.0,0.72,0.2660636845840808,0.29484459183327977
R,6.0,microscopic,27,3.77690880747294e-06,0.0,-0.0009968660921831614,0.0006203744154134273,-0.020052458245808064,0.01248558188461013,6,0.72,0.0,0.0,0.0,0.0,0.72,0.2660636845840808,0.29484459183327977
R,6.0,microscopic,28,2.3784263227475116e-06,0.0,-0.00029372866501143594,0.00057722982697946,-0.006031619171240605,0.011667490551245989,6,0.72,0.0,0.0,0.0,0.0,0.72,0.2660636845840808,0.29484459183327977
R,6.0,microscopic,29,1.497762339812273e-06,8.003709038260604e-23,-0.00011274247981557685,0.0007702496501173625,-0.0023254335039654328,0.01555989856877481,6,0.72,0.0,0.0,0.0,0.0,0.72,0.2660636845840808,0.29484459183327977
R,6.0,microscopic,30,9.431833162561563e-07,8.003709038260604e-23,-0.0005499861101639083,0.00032205853594731833,-0.011120996174633713,0.006506471195390077,6,0.72,0.0,0.0,0.0,0.0,0.72,0.2660636845840808,0.29484459183327977
R,6.0,microscopic,31,5.939492163859999e-07,0.0,-0.0002423098831378222,0.0010489558564154837,-0.004953857096927991,0.02106565316881055,6,0.72,0.0,0.0,0.0,0.0,0.72,0.2660636845840808,0.29484459183327977
R,6.0,microscopic,32,3.740266240563292e-07,0.0,0.0005066182147606838,0.0006791182947938119,0.010032827610630983,0.01360886019331856,6,0.72,0.0,0.0,0.0,0.0,0.72,0.2660636845840808,0.29484459183327977
R,6.0,microscopic,33,2.355351461766355e-07,0.0,-0.0003444150521570821,0.0008954475394902609,-0.006894616317920085,0.017976289165669918,6,0.72,0.0,0.0,0.0,0.0,0.72,0.2660636845840808,0.29484459183327977
R,6.0,microscopic,34,1.4832314470772577e-07,0.0,-0.0002648267874939487,0.001197288845266466,-0.0052619232508965795,0.02409656455601818,6,0.72,0.0,0.0,0.0,0.0,0.72,0.2660636845840808,0.29484459183327977
R,6.0,microscopic,35,9.340328020299199e-08,0.0,-0.000754554460743732,0.001570128023516989,-0.01496679776159063,0.03155455462353894,6,0.72,0.0,0.0,0.0,0.0,0.72,0.2660636845840808,0.29484459183327977
R,6.0,microscopic,36,5.881868787147022e-08,0.0,-0.00034879025095875624,0.0012005527708749265,-0.006842430817447398,0.024151268215791055,6,0.72,0.0,0.0,0.0,0.0,0.72,0.2660636845840808,0.29484459183327977
R,6.0,microscopic,37,3.7039791701133596e-08,0.0,-0.000963582706728036,0.0008053456718020008,-0.019387377705568934,0.01620651597936454,6,0.72,0.0,0.0,0.0,0.0,0.72,0.2660636845840808,0.29484459183327977
R,6.0,microscopic,38,2.332500466962682e-08,1.2505795372282194e-24,-0.001808830852267941,0.0011803005152567555,-0.036388649715589166,0.02369335258211996,6,0.72,0.0,0.0,0.0,0.0,0.72,0.2660636845840808,0.29484459183327977
R,6.0,microscopic,39,1.4688415292072556e-08,6.252897686141097e-25,-9.152724446422967e-05,0.0008312566434327434,-0.0016897694740966654,0.016656600787844842,6,0.72,0.0,0.0,0.0,0.0,0.72,0.2660636845840808,0.29484459183327977
R,6.0,microscopic,40,9.249710636642833e-09,0.0,0.0008682610290620704,0.0010449289765787101,0.017552009183488253,0.021004871438886966,6,0.72,0.0,0.0,0.0,0.0,0.72,0.2660636845840808,0.29484459183327977
R,12.0,gaussian_map,0,1.0,0.0,0.050000225098650236,0.0003301439927716651,1.0,0.0,12,0.72,0.0,0.0,0.0,0.0,0.72,0.1919913633361862,0.2127596452964393
R,12.0,gaussian_map,1,0.42771155064796623,2.0981243021257878e-17,0.021110121950423444,0.0002746348461260301,0.42217465538031806,0.004321825862069104,12,0.72,0.0,0.0,0.0,0.0,0.72,0.1919913633361862,0.2127596452964393
R,12.0,gaussian_map,2,0.1829371705576877,1.0490621510628939e-17,0.008963404968142132,0.00018812508416549869,0.17928160995329429,0.00364582435041873,12,0.72,0.0,0.0,0.0,0.0,0.72,0.1919913633361862,0.2127596452964393
R,12.0,gaussian_map,3,0.07824434089038008,0.0,0.0038497151199849903,9.371563376139877e-05,0.07696314125665335,0.0016105091014289254,12,0.72,0.0,0.0,0.0,0.0,0.72,0.1919913633361862,0.2127596452964393
R,12.0,gaussian_map,4,0.033466008371652534,0.0,0.0015425734108650713,8.288448986822471e-05,0.03080855769176169,0.0015238081637699373,12,0.72,0.0,0.0,0.0,0.0,0.72,0.1919913633361862,0.2127596452964393
R,12.0,gaussian_map,5,0.014313798334637322,0.0,0.000570717776351311,9.061293001556454e-05,0.011381852745958182,0.0017506440791765449,12,0.72,0.0,0.0,0.0,0.0,0.72,0.1919913633361862,0.2127596452964393
R,12.0,gaussian_map,6,0.006122176881370005,0.0,0.00025011339770298545,7.51586614767131e-05,0.005002080425130827,0.0014853905424728972,12,0.72,0.0,0.0,0.0,0.0,0.72,0.1919913633361862,0.2127596452964393
R,12.0,gaussian_map,7,0.002618525767271895,1.6391596110357717e-19,0.00011027206592330539,6.133365720291308e-05,0.002235294509147289,0.0012174077895579173,12,0.72,0.0,0.0,0.0,0.0,0.72,0.1919913633361862,0.2127596452964393
R,12.0,gaussian_map,8,0.0011199737163315173,0.0,8.534195732137898e-05,6.173135101621525e-05,0.0017029397588215545,0.001215933111651036,12,0.72,0.0,0.0,0.0,0.0,0.72,0.1919913633361862,0.2127596452964393
R,12.0,gaussian_map,9,0.00047902569489711874,0.0,7.89749320147794e-05,3.630016669015156e-05,0.0015635030385295695,0.0007199786093883666,12,0.72,0.0,0.0,0.0,0.0,0.72,0.1919913633361862,0.2127596452964393
R,12.0,gaussian_map,10,0.00020488482276466614,1.0244747568973573e-20,2.0195041898361634e-05,2.974819680739941e-05,0.0003853282694737585,0.0005877758205235969,12,0.72,0.0,0.0,0.0,0.0,0.72,0.1919913633361862,0.2127596452964393
R,12.0,gaussian_map,11,8.763160524890908e-05,5.122373784486787e-21,4.163368178538757e-05,2.135078408940977e-05,0.0008267549389316421,0.0004199324410111929,12,0.72,0.0,0.0,0.0,0.0,0.72,0.1919913633361862,0.2127596452964393
R,12.0,gaussian_map,12,3.748104976678136e-05,0.0,-1.4787925750673415e-05,2.686085467329355e-05,-0.00030686682138209183,0.000536218037070929,12,0.72,0.0,0.0,0.0,0.0,0.72,0.1919913633361862,0.2127596452964393
R,12.0,gaussian_map,13,1.6031077915663646e-05,0.0,7.505923909465166e-06,2.4819183756991645e-05,0.00015647936492524148,0.0005031714066806292,12,0.72,0.0,0.0,0.0,0.0,0.72,0.1919913633361862,0.2127596452964393
R,12.0,gaussian_map,14,6.856677193866864e-06,0.0,7.3312802214329005e-06,2.2568910123796736e-05,0.00014669372469164018,0.0004555801594594298,12,0.72,0.0,0.0,0.0,0.0,0.72,0.1919913633361862,0.2127596452964393
R,12.0,gaussian_map,15,2.9326800348813413e-06,1.6007418076521208e-22,1.1489833763062898e-05,1.662594256217546e-05,0.00022551659777040895,0.00033544186952340664,12,0.72,0.0,0.0,0.0,0.0,0.72,0.1919913633361862,0.2127596452964393
R,12.0,gaussian_map,16,1.25434112527343e-06,8.003709038260604e-23,-5.281824498024077e-07,1.3712201829437337e-05,-1.4227319290608915e-05,0.00027819964025218533,12,0.72,0.0,0.0,0.0,0.0,0.72,0.1919913633361862,0.2127596452964393
R,12.0,gaussian_map,17,5.364961877322136e-07,0.0,2.5500157207840213e-06,1.3329378876633394e-05,5.0192644887070905e-05,0.0002705583058675836,12,0.72,0.0,0.0,0.0,0.0,0.72,0.1919913633361862,0.2127596452964393
R,12.0,gaussian_map,18,2.294656163716674e-07,2.000927259565151e-23,-6.977998133138393e-06,1.037670258980557e-05,-0.00013947418373950698,0.00021096146605770525,12,0.72,0.0,0.0,0.0,0.0,0.72,0.1919913633361862,0.2127596452964393
R,12.0,gaussian_map,19,9.814509459871724e-08,5.0023181489128776e-24,-6.193897584426886e-06,4.954217224314141e-06,-0.0001228056688502928,9.927091846278688e-05,12,0.72,0.0,0.0,0.0,0.0,0.72,0.1919913633361862,0.2127596452964393
R,12.0,gaussian_map,20,4.1977790599308665e-08,0.0,-1.5145787826820328e-07,5.365663102080887e-06,1.4053560768122187e-08,0.00010769147068422003,12,0.72,0.0,0.0,0.0,0.0,0.72,0.1919913633361862,0.2127596452964393
R,12.0,gaussian_map,21,1.795438591000593e-08,0.0,-1.3411838884663983e-06,3.719552818575883e-06,-2.6260057299450272e-05,7.43267001761934e-05,12,0.72,0.0,0.0,0.0,0.0,0.72,0.1919913633361862,0.2127596452964393
R,12.0,gaussian_map,22,7.679298238500631e-09,0.0,-4.548945209858347e-06,2.3980201929531125e-06,-9.207079291486997e-05,4.832577779625958e-05,12,0.72,0.0,0.0,0.0,0.0,0.72,0.1919913633361862,0.2127596452964393
R,12.0,gaussian_map,23,3.2845245574773007e-09,1.5632244215352742e-25,-1.8979156297072036e-07,1.3967536555896745e-06,-3.6934911403916095e-06,2.7897499506588626e-05,12,0.72,0.0,0.0,0.0,0.0,0.72,0.1919913633361862,0.2127596452964393
R,12.0,gaussian_map,24,1.404829091619941e-09,7.816122107676371e-26,6.809837511758008e-06,8.731716877914395e-06,0.0001396573336595611,0.00017585877782759263,12,0.72,0.0,0.0,0.0,0.0,0.72,0.1919913633361862,0.2127596452964393
R,12.0,gaussian_map,25,6.008616291721387e-10,0.0,5.011368641653691e-06,5.833970751163912e-06,0.00010241464654715056,0.00011719876378995691,12,0.72,0.0,0.0,0.0,0.0,0.72,0.1919913633361862,0.2127596452964393
R,12.0,gaussian_map,26,2.5699545913807866e-10,0.0,1.3834747587054722e-06,1.9041111666933881e-06,2.84462444797228e-05,3.841737119364201e-05,12,0.72,0.0,0.0,0.0,0.0,0.72,0.1919913633361862,0.2127596452964393
R,12.0,gaussian_map,27,1.0991992633743365e-10,4.885076317297732e-27,6.321057944828349e-07,1.4825817814358915e-06,1.1873793272807243e-05,2.922946119021472e-05,12,0.72,0.0,0.0,0.0,0.0,0.72,0.1919913633361862,0.2127596452964393
R,12.0,gaussian_map,28,4.701402214089397e-11,0.0,5.888957850118814e-07,1.3173385874301743e-06,1.1095723553633073e-05,2.5959559163657203e-05,12,0.72,0.0,0.0,0.0,0.0,0.72,0.1919913633361862,0.2127596452964393
R,12.0,gaussian_map,29,2.0108440312079577e-11,1.221269079324433e-27,2.17842787431721e-06,1.4486905762716559e-06,4.3522168879449915e-05,2.9056914490516534e-05,12,0.72,0.0,0.0,0.0,0.0,0.72,0.1919913633361862,0.2127596452964393
R,12.0,gaussian_map,30,8.600612186991628e-12,0.0,-1.2029681412907389e-06,1.2029681412907387e-06,-2.4421202835897108e-05,2.4421202835897105e-05,12,0.72,0.0,0.0,0.0,0.0,0.72,0.1919913633361862,0.2127596452964393
R,12.0,gaussian_map,31,3.6785811750199845e-12,0.0,-7.926581106884389e-07,7.926581106884389e-07,-1.6091585334813034e-05,1.6091585334813034e-05,12,0.72,0.0,0.0,0.0,0.0,0.72,0.1919913633361862,0.2127596452964393
R,12.0,gaussian_map,32,1.5733716585522146e-12,1.5265863491555413e-28,0.0,0.0,0.0,0.0,12,0.72,0.0,0.0,0.0,0.0,0.72,0.1919913633361862,0.2127596452964393
R,12.0,gaussian_map,33,6.729492318249304e-13,3.816465872888853e-29,0.0,0.0,0.0,0.0,12,0.72,0.0,0.0,0.0,0.0,0.72,0.1919913633361862,0.2127596452964393
R,12.0,gaussian_map,34,2.878281594511986e-13,0.0,0.0,0.0,0.0,0.0,12,0.72,0.0,0.0,0.0,0.0,0.72,0.1919913633361862,0.2127596452964393
R,12.0,gaussian_map,35,1.2310742839902223e-13,0.0,0.0,0.0,0.0,0.0,12,0.72,0.0,0.0,0.0,0.0,0.72,0.1919913633361862,0.2127596452964393
R,12.0,gaussian_map,36,5.265446909682925e-14,4.7705823411110664e-30,0.0,0.0,0.0,0.0,12,0.72,0.0,0.0,0.0,0.0,0.72,0.1919913633361862,0.2127596452964393
R,12.0,gaussian_map,37,2.252092462595026e-14,0.0,0.0,0.0,0.0,0.0,12,0.72,0.0,0.0,0.0,0.0,0.72,0.1919913633361862,0.2127596452964393
R,12.0,gaussian_map,38,9.632459593791153e-15,0.0,0.0,0.0,0.0,0.0,12,0.72,0.0,0.0,0.0,0.0,0.72,0.1919913633361862,0.2127596452964393
R,12.0,gaussian_map,39,4.1199142294142924e-15,0.0,0.0,0.0,0.0,0.0,12,0.72,0.0,0.0,0.0,0.0,0.72,0.1919913633361862,0.2127596452964393
R,12.0,gaussian_map,40,1.7621349035994076e-15,7.454034907986041e-32,0.0,0.0,0.0,0.0,12,0.72,0.0,0.0,0.0,0.0,0.72,0.1919913633361862,0.2127596452964393
R,12.0,microscopic,0,1.0,0.0,0.050000225098650236,0.0003301439927716651,1.0,0.0,12,0.72,0.0,0.0,0.0,0.0,0.72,0.1919913633361862,0.2127596452964393
R,12.0,microscopic,1,0.42771155064796623,2.0981243021257878e-17,0.02115658334479055,0.00023151072929809496,0.42311340328722824,0.003408520063555459,12,0.72,0.0,0.0,0.0,0.0,0.72,0.1919913633361862,0.2127596452964393
R,12.0,microscopic,2,0.1829371705576877,1.0490621510628939e-17,0.009249422185487834,0.0004419872697564781,0.18502226420831852,0.00885124614531402,12,0.72,0.0,0.0,0.0,0.0,0.72,0.1919913633361862,0.2127596452964393
R,12.0,microscopic,3,0.07824434089038008,0.0,0.0041123230258516405,0.0005090260290166817,0.08247761642355872,0.010290234257544514,12,0.72,0.0,0.0,0.0,0.0,0.72,0.1919913633361862,0.2127596452964393
R,12.0,microscopic,4,0.033466008371652534,0.0,0.0023941128557132267,0.0005470137807582125,0.048009742082934605,0.01093654407865921,12,0.72,0.0,0.0,0.0,0.0,0.72,0.1919913633361862,0.2127596452964393
R,12.0,microscopic,5,0.014313798334637322,0.0,0.000926871875704046,0.00038376519752938195,0.018480449972778826,0.0075906149083009135,12,0.72,0.0,0.0,0.0,0.0,0.72,0.1919913633361862,0.2127596452964393
R,12.0,microscopic,6,0.006122176881370005,0.0,0.00030519176724134436,0.0006388663701009905,0.006290700852100199,0.012873924095791061,12,0.72,0.0,0.0,0.0,0.0,0.72,0.1919913633361862,0.2127596452964393
R,12.0,microscopic,7,0.002618525767271895,1.6391596110357717e-19,0.0002621360721682754,0.0005223172254534213,0.005168099376601057,0.010507113925505745,12,0.72,0.0,0.0,0.0,0.0,0.72,0.1919913633361862,0.2127596452964393
R,12.0,microscopic,8,0.0011199737163315173,0.0,-0.0006243408852942884,0.000685048398223927,-0.012848847565981592,0.013700761276689873,12,0.72,0.0,0.0,0.0,0.0,0.72,0.1919913633361862,0.2127596452964393
R,12.0,microscopic,9,0.00047902569489711874,0.0,0.0002996475416075935,0.0008122970606094181,0.005587438605724765,0.01609373711793367,12,0.72,0.0,0.0,0.0,0.0,0.72,0.1919913633361862,0.2127596452964393
R,12.0,microscopic,10,0.00020488482276466614,1.0244747568973573e-20,-0.0005277806285874559,0.0005508775539235133,-0.010610685470317233,0.01112729114260738,12,0.72,0.0,0.0,0.0,0.0,0.72,0.1919913633361862,0.2127596452964393
R,12.0,microscopic,11,8.763160524890908e-05,5.122373784486787e-21,-0.0003887862909148336,0.0004928912411811872,-0.007726334360499004,0.009891902055956008,12,0.72,0.0,0.0,0.0,0.0,0.72,0.1919913633361862,0.2127596452964393
R,12.0,microscopic,12,3.748104976678136e-05,0.0,-0.0005289434416315711,0.0004138359830175173,-0.010527134626654023,0.008267292078761828,12,0.72,0.0,0.0,0.0,0.0,0.72,0.1919913633361862,0.2127596452964393
R,12.0,microscopic,13,1.6031077915663646e-05,0.0,-0.00026949109749616816,0.000917486514034255,-0.004837367140806594,0.018528021134910744,12,0.72,0.0,0.0,0.0,0.0,0.72,0.1919913633361862,0.2127596452964393
R,12.0,microscopic,14,6.856677193866864e-06,0.0,0.0004328331412977757,0.0005206484437517091,0.008703716591612976,0.010462033374011685,12,0.72,0.0,0.0,0.0,0.0,0.72,0.1919913633361862,0.2127596452964393
R,12.0,microscopic,15,2.9326800348813413e-06,1.6007418076521208e-22,0.0010786470624792619,0.0006023007298726204,0.02153212101616513,0.012011834232841499,12,0.72,0.0,0.0,0.0,0.0,0.72,0.1919913633361862,0.2127596452964393
R,12.0,microscopic,16,1.25434112527343e-06,8.003709038260604e-23,-0.0009567812991373524,0.0007172840799685993,-0.019170354498543093,0.014471184889143337,12,0.72,0.0,0.0,0.0,0.0,0.72,0.1919913633361862,0.2127596452964393
R,12.0,microscopic,17,5.364961877322136e-07,0.0,-0.00147233546984716,0.0010757449688817034,-0.028684333643160483,0.021209349185978027,12,0.72,0.0,0.0,0.0,0.0,0.72,0.1919913633361862,0.2127596452964393
R,12.0,microscopic,18,2.294656163716674e-07,2.000927259565151e-23,0.0005850280812306878,0.0007358587555368628,0.012152248083033262,0.014877215700117975,12,0.72,0.0,0.0,0.0,0.0,0.72,0.1919913633361862,0.2127596452964393
R,12.0,microscopic,19,9.814509459871724e-08,5.0023181489128776e-24,0.00024841913494690656,0.0008922001480951048,0.004609502269571019,0.017783062370893082,12,0.72,0.0,0.0,0.0,0.0,0.72,0.1919913633361862,0.2127596452964393
R,12.0,microscopic,20,4.1977790599308665e-08,0.0,-0.0003149250791585237,0.0006330146800723555,-0.006423910018210655,0.012635160836330227,12,0.72,0.0,0.0,0.0,0.0,0.72,0.1919913633361862,0.2127596452964393
R,12.0,microscopic,21,1.795438591000593e-08,0.0,4.9826456719778445e-05,0.0007112981051280234,0.001101110100242815,0.014337618368067651,12,0.72,0.0,0.0,0.0,0.0,0.72,0.1919913633361862,0.2127596452964393
R,12.0,microscopic,22,7.679298238500631e-09,0.0,-8.677820375354041e-05,0.0006820393472870827,-0.0011943537116104763,0.013702891936284886,12,0.72,0.0,0.0,0.0,0.0,0.72,0.1919913633361862,0.2127596452964393
R,12.0,microscopic,23,3.2845245574773007e-09,1.5632244215352742e-25,-0.0014175206316629832,0.0008066894537590572,-0.028463485254709615,0.016164558282741014,12,0.72,0.0,0.0,0.0,0.0,0.72,0.1919913633361862,0.2127596452964393
R,12.0,microscopic,24,1.404829091619941e-09,7.816122107676371e-26,-0.00017503086776718505,0.0009996172705113175,-0.0029544826275860023,0.020069521331365983,12,0.72,0.0,0.0,0.0,0.0,0.72,0.1919913633361862,0.2127596452964393
R,12.0,microscopic,25,6.008616291721387e-10,0.0,0.0004804154887940967,0.0009823208157061054,0.00921959793547217,0.01952573848044018,12,0.72,0.0,0.0,0.0,0.0,0.72,0.1919913633361862,0.2127596452964393
R,12.0,microscopic,26,2.5699545913807866e-10,0.0,0.0004818481374104846,0.00042998556460992215,0.00937025518080347,0.008493679994042524,12,0.72,0.0,0.0,0.0,0.0,0.72,0.1919913633361862,0.2127596452964393
R,12.0,microscopic,27,1.0991992633743365e-10,4.885076317297732e-27,0.0008703418867061887,0.0007598269979317891,0.017326868228333982,0.015088704344727732,12,0.72,0.0,0.0,0.0,0.0,0.72,0.1919913633361862,0.2127596452964393
R,12.0,microscopic,28,4.701402214089397e-11,0.0,0.0004567760056315193,0.0006149726261848855,0.009202058758287179,0.012431780175724284,12,0.72,0.0,0.0,0.0,0.0,0.72,0.1919913633361862,0.2127596452964393
R,12.0,microscopic,29,2.0108440312079577e-11,1.221269079324433e-27,0.0007917842174754232,0.0007541377524178717,0.0158851650641986,0.015339241211224883,12,0.72,0.0,0.0,0.0,0.0,0.72,0.1919913633361862,0.2127596452964393
R,12.0,microscopic,30,8.600612186991628e-12,0.0,0.0015078754703645298,0.0009431376214180071,0.02999763373469035,0.019084554114721767,12,0.72,0.0,0.0,0.0,0.0,0.72,0.1919913633361862,0.2127596452964393
R,12.0,microscopic,31,3.6785811750199845e-12,0.0,0.000618666360981466,0.0008641256414768726,0.012381126984962678,0.017455209630192342,12,0.72,0.0,0.0,0.0,0.0,0.72,0.1919913633361862,0.2127596452964393
R,12.0,microscopic,32,1.5733716585522146e-12,1.5265863491555413e-28,-9.134193536759855e-05,0.0007625171758290574,-0.0019748702916709557,0.01538210832772261,12,0.72,0.0,0.0,0.0,0.0,0.72,0.1919913633361862,0.2127596452964393
R,12.0,microscopic,33,6.729492318249304e-13,3.816465872888853e-29,8.426099561626788e-05,0.0008577347899439053,0.0019388748744684362,0.017303700435982186,12,0.72,0.0,0.0,0.0,0.0,0.72,0.1919913633361862,0.2127596452964393
R,12.0,microscopic,34,2.878281594511986e-13,0.0,9.229810134852337e-05,0.0009363626644287009,0.0019212941979917918,0.018577358380457067,12,0.72,0.0,0.0,0.0,0.0,0.72,0.1919913633361862,0.2127596452964393
R,12.0,microscopic,35,1.2310742839902223e-13,0.0,-0.0011271229963861693,0.0010069519138592165,-0.02275820227268225,0.020148246059575842,12,0.72,0.0,0.0,0.0,0.0,0.72,0.1919913633361862,0.2127596452964393
R,12.0,microscopic,36,5.265446909682925e-14,4.7705823411110664e-30,-0.0003760366780000137,0.000733213581512874,-0.007598459542342445,0.014677779999236968,12,0.72,0.0,0.0,0.0,0.0,0.72,0.1919913633361862,0.2127596452964393
R,12.0,microscopic,37,2.252092462595026e-14,0.0,-0.0007724412661462474,0.0007676852080262675,-0.015604627229914306,0.015536562248239474,12,0.72,0.0,0.0,0.0,0.0,0.72,0.1919913633361862,0.2127596452964393
R,12.0,microscopic,38,9.632459593791153e-15,0.0,-0.0007227756054058743,0.0008743244850448816,-0.014223962203963537,0.01747660741678003,12,0.72,0.0,0.0,0.0,0.0,0.72,0.1919913633361862,0.2127596452964393
R,12.0,microscopic,39,4.1199142294142924e-15,0.0,-0.001392280231350918,0.0010077248903765513,-0.027635097261253957,0.020134221586847703,12,0.72,0.0,0.0,0.0,0.0,0.72,0.1919913633361862,0.2127596452964393
R,12.0,microscopic,40,1.7621349035994076e-15,7.454034907986041e-32,-0.0004691481575122042,0.0009260009712516569,-0.008951275491163369,0.01851880231267659,12,0.72,0.0,0.0,0.0,0.0,0.72,0.1919913633361862,0.2127596452964393
R,18.0,gaussian_map,0,1.0,0.0,0.05054488361278599,0.00017573386842980243,1.0,0.0,18,0.72,0.0,0.0,0.0,0.0,0.72,0.1598466453910254,0.1771377367411523
R,18.0,gaussian_map,1,0.18162515856999356,1.0490621510628939e-17,0.009113490337884132,0.00013041700662282736,0.1803105377158616,0.0025616840468451734,18,0.72,0.0,0.0,0.0,0.0,0.72,0.1598466453910254,0.1771377367411523
R,18.0,gaussian_map,2,0.032987698225575325,0.0,0.0016844174230980025,0.000167051650833904,0.03335800616666591,0.0033645333515296633,18,0.72,0.0,0.0,0.0,0.0,0.72,0.1598466453910254,0.1771377367411523
R,18.0,gaussian_map,3,0.0059913959210792156,0.0,0.00028932029817102555,9.693016150662011e-05,0.005735984729558865,0.0019238048075435146,18,0.72,0.0,0.0,0.0,0.0,0.72,0.1598466453910254,0.1771377367411523
R,18.0,gaussian_map,4,0.0010881882342216253,8.195798055178859e-20,2.3306239502622037e-05,9.850450232172816e-05,0.00046900418246288,0.0019468167922304424,18,0.72,0.0,0.0,0.0,0.0,0.72,0.1598466453910254,0.1771377367411523
R,18.0,gaussian_map,5,0.00019764236059450414,1.0244747568973573e-20,0.00015713089425378033,6.283561288579718e-05,0.0030994660277461486,0.001237319773677157,18,0.72,0.0,0.0,0.0,0.0,0.72,0.1598466453910254,0.1771377367411523
R,18.0,gaussian_map,6,3.5896825083124656e-05,2.5611868922433933e-21,1.878097854872672e-05,6.523290402647304e-05,0.00037248726013332863,0.0012849240295599448,18,0.72,0.0,0.0,0.0,0.0,0.72,0.1598466453910254,0.1771377367411523
R,18.0,gaussian_map,7,6.5197665478818415e-06,0.0,5.2141199676098614e-05,5.5095931882342526e-05,0.0010165017316246445,0.0010826542625854475,18,0.72,0.0,0.0,0.0,0.0,0.72,0.1598466453910254,0.1771377367411523
R,18.0,gaussian_map,8,1.1841536330983791e-06,8.003709038260604e-23,-4.650074299121792e-05,3.61506226335855e-05,-0.0009175181516744835,0.0007142037398398859,18,0.72,0.0,0.0,0.0,0.0,0.72,0.1598466453910254,0.1771377367411523
R,18.0,gaussian_map,9,2.1507209138272715e-07,1.0004636297825755e-23,-1.6731360883832288e-06,1.967129242983278e-05,-3.5386993868785606e-05,0.0003902346171624455,18,0.72,0.0,0.0,0.0,0.0,0.72,0.1598466453910254,0.1771377367411523
R,18.0,gaussian_map,10,3.9062502701367974e-08,0.0,-6.712396479952755e-06,2.8377149017845145e-05,-0.00013542713812875786,0.0005630065577749909,18,0.72,0.0,0.0,0.0,0.0,0.72,0.1598466453910254,0.1771377367411523
R,18.0,gaussian_map,11,7.0947332472767644e-09,3.1264488430705485e-25,-2.014874997646963e-05,2.048417246900173e-05,-0.0003953174371677893,0.0004047006735062756,18,0.72,0.0,0.0,0.0,0.0,0.72,0.1598466453910254,0.1771377367411523
R,18.0,gaussian_map,12,1.2885820510484474e-09,7.816122107676371e-26,6.381445497863321e-06,1.3295699504650603e-05,0.00012806863736529933,0.00026348571942019425,18,0.72,0.0,0.0,0.0,0.0,0.72,0.1598466453910254,0.1771377367411523
R,18.0,gaussian_map,13,2.340389193521219e-10,1.9540305269190928e-26,-2.022128241707315e-05,7.799131733849702e-06,-0.0004019061556212798,0.00015484291542366694,18,0.72,0.0,0.0,0.0,0.0,0.72,0.1598466453910254,0.1771377367411523
R,18.0,gaussian_map,14,4.25073558388791e-11,2.442538158648866e-27,-1.6189206294945716e-05,1.3641158591173756e-05,-0.00031740858160607616,0.00026925589971482915,18,0.72,0.0,0.0,0.0,0.0,0.72,0.1598466453910254,0.1771377367411523
R,18.0,gaussian_map,15,7.72040524462756e-12,0.0,-5.8750596154062815e-06,1.5419785060814618e-05,-0.00011383841100552332,0.00030686340581249807,18,0.72,0.0,0.0,0.0,0.0,0.72,0.1598466453910254,0.1771377367411523
R,18.0,gaussian_map,16,1.402219826780091e-12,0.0,2.016564090023388e-05,1.0881242391284139e-05,0.0003989689172041081,0.00021490628274567042,18,0.72,0.0,0.0,0.0,0.0,0.72,0.1598466453910254,0.1771377367411523
R,18.0,gaussian_map,17,2.54678398388923e-13,0.0,8.355340587472501e-06,9.570059766571707e-06,0.00016630627719680692,0.00018900685330003653,18,0.72,0.0,0.0,0.0,0.0,0.72,0.1598466453910254,0.1771377367411523
R,18.0,gaussian_map,18,4.625600449174014e-14,4.7705823411110664e-30,1.0595462256451749e-05,6.594333087099343e-06,0.00020759677445877613,0.00012919138561945032,18,0.72,0.0,0.0,0.0,0.0,0.72,0.1598466453910254,0.1771377367411523
R,18.0,gaussian_map,19,8.401254150626642e-15,0.0,5.050006882490153e-06,5.7480279713463295e-06,0.00010060892653263303,0.00011361540874737173,18,0.72,0.0,0.0,0.0,0.0,0.72,0.1598466453910254,0.1771377367411523
R,18.0,gaussian_map,20,1.5258791172943807e-15,7.454034907986041e-32,3.2163728612385884e-06,4.586760369328703e-06,6.407031321012261e-05,9.140746049257544e-05,18,0.72,0.0,0.0,0.0,0.0,0.72,0.1598466453910254,0.1771377367411523
R,18.0,gaussian_map,21,2.771380366372338e-16,0.0,-4.964621821039473e-06,2.4765177392391466e-06,-9.883349909979934e-05,4.928492611505221e-05,18,0.72,0.0,0.0,0.0,0.0,0.72,0.1598466453910254,0.1771377367411523
R,18.0,gaussian_map,22,5.033523985001429e-17,0.0,1.0154452499511807e-06,4.71799921457692e-06,1.8335248000821817e-05,9.371588937545106e-05,18,0.72,0.0,0.0,0.0,0.0,0.72,0.1598466453910254,0.1771377367411523
R,18.0,gaussian_map,23,9.142145919417505e-18,0.0,-7.07756566111795e-08,4.1156587060521935e-06,-2.8815474826931554e-06,8.10553327641176e-05,18,0.72,0.0,0.0,0.0,0.0,0.72,0.1598466453910254,0.1771377367411523
R,18.0,gaussian_map,24,1.660443702284225e-18,0.0,9.085957498276768e-07,2.5522257354336103e-06,1.7602079150048517e-05,5.074916755636509e-05,18,0.72,0.0,0.0,0.0,0.0,0.72,0.1598466453910254,0.1771377367411523
R,18.0,gaussian_map,25,3.0157835072391956e-19,0.0,-2.9128962270119043e-06,2.5879928929359986e-06,-5.8205180171374025e-05,5.183490613665662e-05,18,0.72,0.0,0.0,0.0,0.0,0.72,0.1598466453910254,0.1771377367411523
R,18.0,gaussian_map,26,5.477421577150905e-20,0.0,2.4104263919506297e-06,2.5203100428117786e-06,4.745693954498867e-05,4.9658983961823266e-05,18,0.72,0.0,0.0,0.0,0.0,0.72,0.1598466453910254,0.1771377367411523
R,18.0,gaussian_map,27,9.948375625047377e-21,0.0,3.761719264539396e-06,2.4756078490517512e-06,7.468150842058117e-05,4.910246159630409e-05,18,0.72,0.0,0.0,0.0,0.0,0.72,0.1598466453910254,0.1771377367411523
R,18.0,gaussian_map,28,1.806875300413089e-21,0.0,2.4377177976501465e-06,2.3226570501194643e-06,4.880413907365872e-05,4.653656416728281e-05,18,0.72,0.0,0.0,0.0,0.0,0.72,0.1598466453910254,0.1771377367411523
R,18.0,gaussian_map,29,3.2817401295373217e-22,1.7771804113354781e-38,-3.4719854008436947e-06,4.071434439658057e-06,-6.823651251829815e-05,8.025604334579398e-05,18,0.72,0.0,0.0,0.0,0.0,0.72,0.1598466453910254,0.1771377367411523
R,18.0,gaussian_map,30,5.960465714127272e-23,4.4429510283386953e-39,-1.0330121618375454e-06,1.0330121618375452e-06,-2.035165372949724e-05,2.035165372949724e-05,18,0.72,0.0,0.0,0.0,0.0,0.72,0.1598466453910254,0.1771377367411523
R,18.0,gaussian_map,31,1.0825705304793762e-23,5.553688785423369e-40,1.8712098399693087e-06,1.8712098399693085e-06,3.686521429771147e-05,3.686521429771147e-05,18,0.72,0.0,0.0,0.0,0.0,0.72,0.1598466453910254,0.1771377367411523
R,18.0,gaussian_map,32,1.9662204426151886e-24,0.0,8.797568862307793e-08,8.797568862307791e-08,1.7332329837105282e-06,1.7332329837105275e-06,18,0.72,0.0,0.0,0.0,0.0,0.72,0.1598466453910254,0.1771377367411523
R,18.0,gaussian_map,33,3.5711509967354674e-25,1.7355277454448029e-41,1.2029681412907389e-06,1.2029681412907387e-06,2.3700002733381375e-05,2.3700002733381375e-05,18,0.72,0.0,0.0,0.0,0.0,0.72,0.1598466453910254,0.1771377367411523
R,18.0,gaussian_map,34,6.486108660594699e-26,4.338819363612007e-42,6.510416666666672e-07,6.510416666666671e-07,1.2826349052760209e-05,1.2826349052760207e-05,18,0.72,0.0,0.0,0.0,0.0,0.72,0.1598466453910254,0.1771377367411523
R,18.0,gaussian_map,35,1.178040513982721e-26,0.0,-3.3700396497724065e-07,3.370039649772407e-07,-6.639406827974034e-06,6.6394068279740335e-06,18,0.72,0.0,0.0,0.0,0.0,0.72,0.1598466453910254,0.1771377367411523
R,18.0,gaussian_map,36,2.139617951539885e-27,0.0,1.0330121618375456e-06,1.0330121618375452e-06,2.0351653729497244e-05,2.0351653729497248e-05,18,0.72,0.0,0.0,0.0,0.0,0.72,0.1598466453910254,0.1771377367411523
R,18.0,gaussian_map,37,3.8860844972763647e-28,3.3897026278218806e-44,-1.1276372445109887e-06,1.1276372445109883e-06,-2.2215888234993624e-05,2.221588823499362e-05,18,0.72,0.0,0.0,0.0,0.0,0.72,0.1598466453910254,0.1771377367411523
R,18.0,gaussian_map,38,7.058107130342137e-29,0.0,0.0,0.0,0.0,0.0,18,0.72,0.0,0.0,0.0,0.0,0.72,0.1598466453910254,0.1771377367411523
R,18.0,gaussian_map,39,1.2819298267523931e-29,0.0,0.0,0.0,0.0,0.0,18,0.72,0.0,0.0,0.0,0.0,0.72,0.1598466453910254,0.1771377367411523
R,18.0,gaussian_map,40,2.3283070805950787e-30,0.0,0.0,0.0,0.0,0.0,18,0.72,0.0,0.0,0.0,0.0,0.72,0.1598466453910254,0.1771377367411523
R,18.0,microscopic,0,1.0,0.0,0.05054488361278599,0.00017573386842980243,1.0,0.0,18,0.72,0.0,0.0,0.0,0.0,0.72,0.1598466453910254,0.1771377367411523
R,18.0,microscopic,1,0.18162515856999356,1.0490621510628939e-17,0.008593424654272161,0.0003926985739864988,0.16992927665935348,0.0074646682056887775,18,0.72,0.0,0.0,0.0,0.0,0.72,0.1598466453910254,0.1771377367411523
R,18.0,microscopic,2,0.032987698225575325,0.0,0.0005755503068686503,0.0003074977164072917,0.011403169230173142,0.00609307712904152,18,0.72,0.0,0.0,0.0,0.0,0.72,0.1598466453910254,0.1771377367411523
R,18.0,microscopic,3,0.0059913959210792156,0.0,-0.0007110194225992659,0.00025531582777259016,-0.01406360209310163,0.005067437955082174,18,0.72,0.0,0.0,0.0,0.0,0.72,0.1598466453910254,0.1771377367411523
R,18.0,microscopic,4,0.0010881882342216253,8.195798055178859e-20,-7.222559087388723e-07,0.00048143713347781347,-0.00010020158459401801,0.009601145243008265,18,0.72,0.0,0.0,0.0,0.0,0.72,0.1598466453910254,0.1771377367411523
R,18.0,microscopic,5,0.00019764236059450414,1.0244747568973573e-20,-0.0003364072128779958,0.0008151954952212506,-0.006766027735078841,0.016093801221319076,18,0.72,0.0,0.0,0.0,0.0,0.72,0.1598466453910254,0.1771377367411523
R,18.0,microscopic,6,3.5896825083124656e-05,2.5611868922433933e-21,0.00015814024203144868,0.000692169910482783,0.003150148749668869,0.01367699174433545,18,0.72,0.0,0.0,0.0,0.0,0.72,0.1598466453910254,0.1771377367411523
R,18.0,microscopic,7,6.5197665478818415e-06,0.0,-0.00040556315905278543,0.0007958331337967501,-0.0078050341106593755,0.01587538664479215,18,0.72,0.0,0.0,0.0,0.0,0.72,0.1598466453910254,0.1771377367411523
R,18.0,microscopic,8,1.1841536330983791e-06,8.003709038260604e-23,1.5127305775989713e-05,0.0005541941699390931,0.0004579478768323439,0.010880391727567771,18,0.72,0.0,0.0,0.0,0.0,0.72,0.1598466453910254,0.1771377367411523
R,18.0,microscopic,9,2.1507209138272715e-07,1.0004636297825755e-23,-0.000275762082391626,0.000949795394493977,-0.005314242870706066,0.018915662384346783,18,0.72,0.0,0.0,0.0,0.0,0.72,0.1598466453910254,0.1771377367411523
R,18.0,microscopic,10,3.9062502701367974e-08,0.0,0.0006987267448895042,0.0009880757141442927,0.0139288955980125,0.019511942652629784,18,0.72,0.0,0.0,0.0,0.0,0.72,0.1598466453910254,0.1771377367411523
R,18.0,microscopic,11,7.0947332472767644e-09,3.1264488430705485e-25,-6.410819605364882e-05,0.0007681383378299573,-0.001364200562053048,0.015164207162447273,18,0.72,0.0,0.0,0.0,0.0,0.72,0.1598466453910254,0.1771377367411523
R,18.0,microscopic,12,1.2885820510484474e-09,7.816122107676371e-26,-0.00025136736561229907,0.0004486533213958518,-0.004877848637432435,0.008832479047512502,18,0.72,0.0,0.0,0.0,0.0,0.72,0.1598466453910254,0.1771377367411523
R,18.0,microscopic,13,2.340389193521219e-10,1.9540305269190928e-26,0.0010397014387141087,0.0007011190220436047,0.02075592472641022,0.013942983297128259,18,0.72,0.0,0.0,0.0,0.0,0.72,0.1598466453910254,0.1771377367411523
R,18.0,microscopic,14,4.25073558388791e-11,2.442538158648866e-27,0.0015726494974119321,0.0003805968591984836,0.031046952095955045,0.007459169541488115,18,0.72,0.0,0.0,0.0,0.0,0.72,0.1598466453910254,0.1771377367411523
R,18.0,microscopic,15,7.72040524462756e-12,0.0,8.459132602011881e-05,0.0005493585103287226,0.001598235311665147,0.010839299468386587,18,0.72,0.0,0.0,0.0,0.0,0.72,0.1598466453910254,0.1771377367411523
R,18.0,microscopic,16,1.402219826780091e-12,0.0,0.0009073609438334071,0.0006779681353849838,0.0178567150686276,0.01338624444597145,18,0.72,0.0,0.0,0.0,0.0,0.72,0.1598466453910254,0.1771377367411523
R,18.0,microscopic,17,2.54678398388923e-13,0.0,0.00147654200008375,0.0006090098660960727,0.0291502526258526,0.012014278555076047,18,0.72,0.0,0.0,0.0,0.0,0.72,0.1598466453910254,0.1771377367411523
R,18.0,microscopic,18,4.625600449174014e-14,4.7705823411110664e-30,-0.00032402904385463285,0.0006724300667950313,-0.006496248135460815,0.01330276339445393,18,0.72,0.0,0.0,0.0,0.0,0.72,0.1598466453910254,0.1771377367411523
R,18.0,microscopic,19,8.401254150626642e-15,0.0,-0.0006605538783287767,0.00034788789335306043,-0.013139420778109579,0.006836339688647182,18,0.72,0.0,0.0,0.0,0.0,0.72,0.1598466453910254,0.1771377367411523
R,18.0,microscopic,20,1.5258791172943807e-15,7.454034907986041e-32,-0.0003788972281230706,0.00041454459024249847,-0.00743344395852257,0.008112505543685191,18,0.72,0.0,0.0,0.0,0.0,0.72,0.1598466453910254,0.1771377367411523
R,18.0,microscopic,21,2.771380366372338e-16,0.0,-0.00039719343679750095,0.0004343593824206913,-0.0077706920012270845,0.008609781022879055,18,0.72,0.0,0.0,0.0,0.0,0.72,0.1598466453910254,0.1771377367411523
R,18.0,microscopic,22,5.033523985001429e-17,0.0,-7.187042461016631e-05,0.0005844074932873223,-0.0014100654751280058,0.01157137539425707,18,0.72,0.0,0.0,0.0,0.0,0.72,0.1598466453910254,0.1771377367411523
R,18.0,microscopic,23,9.142145919417505e-18,0.0,-0.0006698114667936775,0.0006754856460200691,-0.01333225072613392,0.013302639205663607,18,0.72,0.0,0.0,0.0,0.0,0.72,0.1598466453910254,0.1771377367411523
R,18.0,microscopic,24,1.660443702284225e-18,0.0,-0.0001047528086556924,0.0003227921472508613,-0.0021824926820052525,0.006413984010185099,18,0.72,0.0,0.0,0.0,0.0,0.72,0.1598466453910254,0.1771377367411523
R,18.0,microscopic,25,3.0157835072391956e-19,0.0,0.000779714459395973,0.0005609251982115088,0.015287500899234488,0.011073257996695632,18,0.72,0.0,0.0,0.0,0.0,0.72,0.1598466453910254,0.1771377367411523
R,18.0,microscopic,26,5.477421577150905e-20,0.0,-0.0013721237949547288,0.0006677062487632279,-0.02731460107508447,0.013343411686263006,18,0.72,0.0,0.0,0.0,0.0,0.72,0.1598466453910254,0.1771377367411523
R,18.0,microscopic,27,9.948375625047377e-21,0.0,-0.0007302044649992146,0.00039145144781731835,-0.014487426277220609,0.007735677241725243,18,0.72,0.0,0.0,0.0,0.0,0.72,0.1598466453910254,0.1771377367411523
R,18.0,microscopic,28,1.806875300413089e-21,0.0,0.000568983236554612,0.0006026804707014138,0.011255016674949391,0.011946672902322899,18,0.72,0.0,0.0,0.0,0.0,0.72,0.1598466453910254,0.1771377367411523
R,18.0,microscopic,29,3.2817401295373217e-22,1.7771804113354781e-38,-0.0014028860880969478,0.0007424662470806627,-0.027673038316858897,0.01464867217882205,18,0.72,0.0,0.0,0.0,0.0,0.72,0.1598466453910254,0.1771377367411523
R,18.0,microscopic,30,5.960465714127272e-23,4.4429510283386953e-39,-5.867834765075376e-05,0.0007595564857140923,-0.0010475770600879386,0.015000088341454394,18,0.72,0.0,0.0,0.0,0.0,0.72,0.1598466453910254,0.1771377367411523
R,18.0,microscopic,31,1.0825705304793762e-23,5.553688785423369e-40,0.0012781906104005853,0.0008398284077893649,0.025583463950487818,0.016740151960402152,18,0.72,0.0,0.0,0.0,0.0,0.72,0.1598466453910254,0.1771377367411523
R,18.0,microscopic,32,1.9662204426151886e-24,0.0,6.190566185917327e-05,0.0008895904665167317,0.0014156648143187726,0.017642947996964847,18,0.72,0.0,0.0,0.0,0.0,0.72,0.1598466453910254,0.1771377367411523
R,18.0,microscopic,33,3.5711509967354674e-25,1.7355277454448029e-41,0.00019318725715040437,0.0007503993753041093,0.0038995468045292586,0.014918106466860604,18,0.72,0.0,0.0,0.0,0.0,0.72,0.1598466453910254,0.1771377367411523
R,18.0,microscopic,34,6.486108660594699e-26,4.338819363612007e-42,0.0010039787894215878,0.000770930747913585,0.01956926023151416,0.01514908558963367,18,0.72,0.0,0.0,0.0,0.0,0.72,0.1598466453910254,0.1771377367411523
R,18.0,microscopic,35,1.178040513982721e-26,0.0,-0.00014494026606314933,0.0010382175122470721,-0.0030941155855879355,0.02039845476422542,18,0.72,0.0,0.0,0.0,0.0,0.72,0.1598466453910254,0.1771377367411523
R,18.0,microscopic,36,2.139617951539885e-27,0.0,0.0010806783937989338,0.0008591600506822739,0.021176199128131894,0.016946629002575833,18,0.72,0.0,0.0,0.0,0.0,0.72,0.1598466453910254,0.1771377367411523
R,18.0,microscopic,37,3.8860844972763647e-28,3.3897026278218806e-44,-0.00012128181800652706,0.0006034699759586921,-0.0025971002641190866,0.011941098391662436,18,0.72,0.0,0.0,0.0,0.0,0.72,0.1598466453910254,0.1771377367411523
R,18.0,microscopic,38,7.058107130342137e-29,0.0,0.0006530547429052655,0.001014999850252272,0.012763774242263742,0.02005487682399342,18,0.72,0.0,0.0,0.0,0.0,0.72,0.1598466453910254,0.1771377367411523
R,18.0,microscopic,39,1.2819298267523931e-29,0.0,0.0016412441164511387,0.000607790779824732,0.03228304030164861,0.011954661199008617,18,0.72,0.0,0.0,0.0,0.0,0.72,0.1598466453910254,0.1771377367411523
R,18.0,microscopic,40,2.3283070805950787e-30,0.0,0.0010474117977121483,0.0008364170724981176,0.020660037883145067,0.016567864531336695,18,0.72,0.0,0.0,0.0,0.0,0.72,0.1598466453910254,0.1771377367411523
R,24.0,gaussian_map,0,1.0,0.0,0.04973622370464019,0.00017962745580856282,1.0,0.0,24,0.72,0.0,0.0,0.0,0.0,0.72,0.14105347661898512,0.15631165450257806
R,24.0,gaussian_map,1,-0.029999999999999923,1.3113276888286174e-18,-0.0013554190828921383,0.00016156446191602293,-0.027237259671101625,0.0032326563507823303,24,0.72,0.0,0.0,0.0,0.0,0.72,0.14105347661898512,0.15631165450257806
R,24.0,gaussian_map,2,0.0008999999999999955,0.0,6.335948710026383e-05,5.9245403737946124e-05,0.0012690191331878016,0.001186479083549515,24,0.72,0.0,0.0,0.0,0.0,0.72,0.14105347661898512,0.15631165450257806
R,24.0,gaussian_map,3,-2.6999999999999796e-05,1.2805934461216967e-21,2.7207323783256437e-05,4.811846670045279e-05,0.00055793266752587,0.0009738479486288443,24,0.72,0.0,0.0,0.0,0.0,0.72,0.14105347661898512,0.15631165450257806
R,24.0,gaussian_map,4,8.099999999999921e-07,4.001854519130302e-23,5.6880011253260535e-05,5.674500603871123e-05,0.0011492265090248075,0.0011396149210219622,24,0.72,0.0,0.0,0.0,0.0,0.72,0.14105347661898512,0.15631165450257806
R,24.0,gaussian_map,5,-2.4299999999999705e-08,1.2505795372282194e-24,5.830335554236279e-05,6.797535078552016e-05,0.0011772788461383121,0.0013714092565058212,24,0.72,0.0,0.0,0.0,0.0,0.72,0.14105347661898512,0.15631165450257806
R,24.0,gaussian_map,6,7.289999999999893e-10,3.9080610538381856e-26,-5.887044220408979e-05,6.778850552262839e-05,-0.0011675199944167238,0.00136267042849953,24,0.72,0.0,0.0,0.0,0.0,0.72,0.14105347661898512,0.15631165450257806
R,24.0,gaussian_map,7,-2.1869999999999623e-11,0.0,6.659739111067184e-05,5.197538022288419e-05,0.0013533431717125948,0.0010448517086063343,24,0.72,0.0,0.0,0.0,0.0,0.72,0.14105347661898512,0.15631165450257806
R,24.0,gaussian_map,8,6.560999999999871e-13,0.0,8.239914089726543e-06,3.3984924502735744e-05,0.0001566298264014126,0.000684742971305981,24,0.72,0.0,0.0,0.0,0.0,0.72,0.14105347661898512,0.15631165450257806
R,24.0,gaussian_map,9,-1.9682999999999562e-14,0.0,6.551975095494002e-05,1.9792886434248086e-05,0.0013175789292694982,0.0003987696695434952,24,0.72,0.0,0.0,0.0,0.0,0.72,0.14105347661898512,0.15631165450257806
R,24.0,gaussian_map,10,5.904899999999856e-16,3.7270174539930206e-32,-2.6834443674426206e-06,3.2207265922384554e-05,-5.198692483143671e-05,0.0006513931988200538,24,0.72,0.0,0.0,0.0,0.0,0.72,0.14105347661898512,0.15631165450257806
R,24.0,gaussian_map,11,-1.771469999999952e-17,0.0,8.387031655045631e-06,2.049968989553712e-05,0.0001669305950020155,0.0004129400598166528,24,0.72,0.0,0.0,0.0,0.0,0.72,0.14105347661898512,0.15631165450257806
R,24.0,gaussian_map,12,5.314409999999842e-19,0.0,-4.787310123141272e-06,2.551400630787532e-05,-8.906006366200835e-05,0.000517501644210537,24,0.72,0.0,0.0,0.0,0.0,0.72,0.14105347661898512,0.15631165450257806
R,24.0,gaussian_map,13,-1.5943229999999488e-20,0.0,-1.7826246137376216e-05,1.4716123781422408e-05,-0.0003618998534846813,0.0002958520154729177,24,0.72,0.0,0.0,0.0,0.0,0.72,0.14105347661898512,0.15631165450257806
R,24.0,gaussian_map,14,4.782968999999835e-22,0.0,5.280276899243515e-06,8.905716093843374e-06,0.00010655191290992814,0.00017912590316918067,24,0.72,0.0,0.0,0.0,0.0,0.72,0.14105347661898512,0.15631165450257806
R,24.0,gaussian_map,15,-1.4348906999999467e-23,1.1107377570846738e-39,1.2448215659931138e-05,1.552973829279953e-05,0.00024536324854979074,0.00031203742327768193,24,0.72,0.0,0.0,0.0,0.0,0.72,0.14105347661898512,0.15631165450257806
R,24.0,gaussian_map,16,4.304672099999831e-25,0.0,-8.818344506035731e-06,9.31676385708204e-06,-0.0001776792865557472,0.00018701792339476832,24,0.72,0.0,0.0,0.0,0.0,0.72,0.14105347661898512,0.15631165450257806
R,24.0,gaussian_map,17,-1.2914016299999457e-26,5.423524204515009e-43,5.264510851807106e-06,1.0133200692299054e-05,0.00010514131871807281,0.00020182110434817512,24,0.72,0.0,0.0,0.0,0.0,0.72,0.14105347661898512,0.15631165450257806
R,24.0,gaussian_map,18,3.874204889999828e-28,0.0,3.3016917882314055e-06,6.0918966763023944e-06,6.676319498031045e-05,0.0001223999124053793,24,0.72,0.0,0.0,0.0,0.0,0.72,0.14105347661898512,0.15631165450257806
R,24.0,gaussian_map,19,-1.1622614669999457e-29,5.2964103559716884e-46,-7.408587310656955e-06,5.689272199871176e-06,-0.00014844373169935776,0.00011479752927604567,24,0.72,0.0,0.0,0.0,0.0,0.72,0.14105347661898512,0.15631165450257806
R,24.0,gaussian_map,20,3.4867844009998293e-31,3.3102564724823053e-47,8.117572857168171e-06,4.45904439155369e-06,0.00016379497965050136,8.992331062570045e-05,24,0.72,0.0,0.0,0.0,0.0,0.72,0.14105347661898512,0.15631165450257806
R,24.0,gaussian_map,21,-1.0460353202999459e-32,0.0,-4.203204452822055e-07,5.315129820072057e-06,-7.233200062710278e-06,0.00010688065109109125,24,0.72,0.0,0.0,0.0,0.0,0.72,0.14105347661898512,0.15631165450257806
R,24.0,gaussian_map,22,3.1381059608998305e-34,3.2326723364085012e-50,-3.1211042118089603e-06,5.318853905328116e-06,-6.280514433289517e-05,0.00010687551983670041,24,0.72,0.0,0.0,0.0,0.0,0.72,0.14105347661898512,0.15631165450257806
R,24.0,gaussian_map,23,-9.414317882699468e-36,5.051050525638283e-52,-1.8010356284567384e-06,2.9718023319084515e-06,-3.659472554541259e-05,6.004608521352975e-05,24,0.72,0.0,0.0,0.0,0.0,0.72,0.14105347661898512,0.15631165450257806
R,24.0,gaussian_map,24,2.8242953648098325e-37,1.5784532892619635e-53,-3.0903361810497405e-06,1.7400396075542931e-06,-6.260285644513728e-05,3.526106360358033e-05,24,0.72,0.0,0.0,0.0,0.0,0.72,0.14105347661898512,0.15631165450257806
R,24.0,gaussian_map,25,-8.47288609442948e-39,4.932666528943636e-55,3.6347135502897496e-06,3.0781225960615404e-06,7.339704734753089e-05,6.195771000836723e-05,24,0.72,0.0,0.0,0.0,0.0,0.72,0.14105347661898512,0.15631165450257806
R,24.0,gaussian_map,26,2.5418658283288367e-40,1.5414582902948862e-56,4.025209852267478e-06,3.152405015965954e-06,8.104850570880312e-05,6.340405007770012e-05,24,0.72,0.0,0.0,0.0,0.0,0.72,0.14105347661898512,0.15631165450257806
R,24.0,gaussian_map,27,-7.625597484986492e-42,0.0,7.686330126279236e-07,2.5224918381296763e-06,1.576214208986767e-05,5.0687777369673676e-05,24,0.72,0.0,0.0,0.0,0.0,0.72,0.14105347661898512,0.15631165450257806
R,24.0,gaussian_map,28,2.287679245495942e-43,0.0,-9.207119546699843e-07,9.207119546699845e-07,-1.8515915104524287e-05,1.8515915104524294e-05,24,0.72,0.0,0.0,0.0,0.0,0.72,0.14105347661898512,0.15631165450257806
R,24.0,gaussian_map,29,-6.86303773648781e-45,0.0,-1.0877599401940336e-06,1.0877599401940338e-06,-2.1875322248807272e-05,2.1875322248807272e-05,24,0.72,0.0,0.0,0.0,0.0,0.72,0.14105347661898512,0.15631165450257806
R,24.0,gaussian_map,30,2.0589113209463375e-46,0.0,-2.943723914630617e-07,2.943723914630617e-07,-5.919955944744432e-06,5.919955944744432e-06,24,0.72,0.0,0.0,0.0,0.0,0.72,0.14105347661898512,0.15631165450257806
R,24.0,gaussian_map,31,-6.176733962838997e-48,4.593903691455383e-64,-1.9537241165075306e-06,1.9537241165075306e-06,-3.9290235882601895e-05,3.929023588260189e-05,24,0.72,0.0,0.0,0.0,0.0,0.72,0.14105347661898512,0.15631165450257806
R,24.0,gaussian_map,32,1.8530201888516948e-49,0.0,-6.510416666666672e-07,6.510416666666671e-07,-1.3092729130283546e-05,1.3092729130283547e-05,24,0.72,0.0,0.0,0.0,0.0,0.72,0.14105347661898512,0.15631165450257806
R,24.0,gaussian_map,33,-5.559060566555071e-51,0.0,6.510416666666666e-07,6.510416666666665e-07,1.3092729130283535e-05,1.3092729130283532e-05,24,0.72,0.0,0.0,0.0,0.0,0.72,0.14105347661898512,0.15631165450257806
R,24.0,gaussian_map,34,1.667718169966517e-52,0.0,6.510416666666672e-07,6.510416666666671e-07,1.3092729130283546e-05,1.3092729130283547e-05,24,0.72,0.0,0.0,0.0,0.0,0.72,0.14105347661898512,0.15631165450257806
R,24.0,gaussian_map,35,-5.003154509899539e-54,2.1905439812924303e-70,-3.370039649772407e-07,3.370039649772407e-07,-6.777295302571887e-06,6.777295302571886e-06,24,0.72,0.0,0.0,0.0,0.0,0.72,0.14105347661898512,0.15631165450257806
R,24.0,gaussian_map,36,1.5009463529698582e-55,6.845449941538845e-72,0.0,0.0,0.0,0.0,24,0.72,0.0,0.0,0.0,0.0,0.72,0.14105347661898512,0.15631165450257806
R,24.0,gaussian_map,37,-4.5028390589095637e-57,0.0,0.0,0.0,0.0,0.0,24,0.72,0.0,0.0,0.0,0.0,0.72,0.14105347661898512,0.15631165450257806
R,24.0,gaussian_map,38,1.3508517176728652e-58,1.3370019417068056e-74,0.0,0.0,0.0,0.0,24,0.72,0.0,0.0,0.0,0.0,0.72,0.14105347661898512,0.15631165450257806
R,24.0,gaussian_map,39,-4.052555153018587e-60,0.0,0.0,0.0,0.0,0.0,24,0.72,0.0,0.0,0.0,0.0,0.72,0.14105347661898512,0.15631165450257806
R,24.0,gaussian_map,40,1.215766545905573e-61,6.528329793490262e-78,0.0,0.0,0.0,0.0,24,0.72,0.0,0.0,0.0,0.0,0.72,0.14105347661898512,0.15631165450257806
R,24.0,microscopic,0,1.0,0.0,0.04973622370464019,0.00017962745580856282,1.0,0.0,24,0.72,0.0,0.0,0.0,0.0,0.72,0.14105347661898512,0.15631165450257806
R,24.0,microscopic,1,-0.029999999999999923,1.3113276888286174e-18,-0.0015130395548852201,0.00034763931293005644,-0.030429908405380745,0.006987191511361084,24,0.72,0.0,0.0,0.0,0.0,0.72,0.14105347661898512,0.15631165450257806
R,24.0,microscopic,2,0.0008999999999999955,0.0,-0.00047975045903715657,0.00044850760869694767,-0.009696953118309103,0.00896631226879661,24,0.72,0.0,0.0,0.0,0.0,0.72,0.14105347661898512,0.15631165450257806
R,24.0,microscopic,3,-2.6999999999999796e-05,1.2805934461216967e-21,0.0004703840898656882,0.0007293208449520044,0.009381949382452275,0.014665801420650021,24,0.72,0.0,0.0,0.0,0.0,0.72,0.14105347661898512,0.15631165450257806
R,24.0,microscopic,4,8.099999999999921e-07,4.001854519130302e-23,0.0005427010009911108,0.0004996272745372197,0.010817432893663697,0.009992906067993919,24,0.72,0.0,0.0,0.0,0.0,0.72,0.14105347661898512,0.15631165450257806
R,24.0,microscopic,5,-2.4299999999999705e-08,1.2505795372282194e-24,-0.00026955690616390016,0.0005874322141794259,-0.00538580481009151,0.011813678402511038,24,0.72,0.0,0.0,0.0,0.0,0.72,0.14105347661898512,0.15631165450257806
R,24.0,microscopic,6,7.289999999999893e-10,3.9080610538381856e-26,0.0001394634078634336,0.0005181801755519727,0.0030070467144926493,0.010480336863251307,24,0.72,0.0,0.0,0.0,0.0,0.72,0.14105347661898512,0.15631165450257806
R,24.0,microscopic,7,-2.1869999999999623e-11,0.0,-0.00037253715831422023,0.0005524970916071057,-0.0073795118272184795,0.011077769346333277,24,0.72,0.0,0.0,0.0,0.0,0.72,0.14105347661898512,0.15631165450257806
R,24.0,microscopic,8,6.560999999999871e-13,0.0,-0.0003764879879789096,0.0006721725892859779,-0.007716250759004375,0.013653398974994168,24,0.72,0.0,0.0,0.0,0.0,0.72,0.14105347661898512,0.15631165450257806
R,24.0,microscopic,9,-1.9682999999999562e-14,0.0,-0.000592254323766133,0.0006291214230835605,-0.012152192664134066,0.012628822685172666,24,0.72,0.0,0.0,0.0,0.0,0.72,0.14105347661898512,0.15631165450257806
R,24.0,microscopic,10,5.904899999999856e-16,3.7270174539930206e-32,-0.0016481416638480515,0.0005028275691985998,-0.03311614604974447,0.010102429348493935,24,0.72,0.0,0.0,0.0,0.0,0.72,0.14105347661898512,0.15631165450257806
R,24.0,microscopic,11,-1.771469999999952e-17,0.0,0.0012620775203379005,0.0008108842527567503,0.02539140108619548,0.016199205018873567,24,0.72,0.0,0.0,0.0,0.0,0.72,0.14105347661898512,0.15631165450257806
R,24.0,microscopic,12,5.314409999999842e-19,0.0,-0.00016377447853996373,0.0007901014793041758,-0.003547317585937103,0.015981982865108758,24,0.72,0.0,0.0,0.0,0.0,0.72,0.14105347661898512,0.15631165450257806
R,24.0,microscopic,13,-1.5943229999999488e-20,0.0,-0.00018733072824738144,0.0008901617093722544,-0.003786580818914047,0.017960035457822543,24,0.72,0.0,0.0,0.0,0.0,0.72,0.14105347661898512,0.15631165450257806
R,24.0,microscopic,14,4.782968999999835e-22,0.0,-0.00010319990958109631,0.0004385367271673059,-0.002077028833465432,0.008854766736439184,24,0.72,0.0,0.0,0.0,0.0,0.72,0.14105347661898512,0.15631165450257806
R,24.0,microscopic,15,-1.4348906999999467e-23,1.1107377570846738e-39,0.0011080468924171618,0.00040789819341176877,0.022193381294073847,0.008103617158428925,24,0.72,0.0,0.0,0.0,0.0,0.72,0.14105347661898512,0.15631165450257806
R,24.0,microscopic,16,4.304672099999831e-25,0.0,0.00013808987624237048,0.0007578727122065656,0.0027205662658722303,0.0152058501596674,24,0.72,0.0,0.0,0.0,0.0,0.72,0.14105347661898512,0.15631165450257806
R,24.0,microscopic,17,-1.2914016299999457e-26,5.423524204515009e-43,-0.0005792053942063795,0.0006781240258121379,-0.011517848107639927,0.013547206688112705,24,0.72,0.0,0.0,0.0,0.0,0.72,0.14105347661898512,0.15631165450257806
R,24.0,microscopic,18,3.874204889999828e-28,0.0,-0.0002671168729290159,0.0005106873355655579,-0.0055208715262277325,0.010216239525395403,24,0.72,0.0,0.0,0.0,0.0,0.72,0.14105347661898512,0.15631165450257806
R,24.0,microscopic,19,-1.1622614669999457e-29,5.2964103559716884e-46,-6.0937115188098646e-05,0.0006954480836565539,-0.001392015900175854,0.014011872228204152,24,0.72,0.0,0.0,0.0,0.0,0.72,0.14105347661898512,0.15631165450257806
R,24.0,microscopic,20,3.4867844009998293e-31,3.3102564724823053e-47,4.0382462176610873e-05,0.0006859021760406949,0.0010032446491436593,0.013761303510391476,24,0.72,0.0,0.0,0.0,0.0,0.72,0.14105347661898512,0.15631165450257806
R,24.0,microscopic,21,-1.0460353202999459e-32,0.0,-0.0007754762043527639,0.0005202706975633634,-0.015462669352542705,0.010443952213993059,24,0.72,0.0,0.0,0.0,0.0,0.72,0.14105347661898512,0.15631165450257806
R,24.0,microscopic,22,3.1381059608998305e-34,3.2326723364085012e-50,0.000679231661387252,0.0004367999858424345,0.013576097308328053,0.008737967869187449,24,0.72,0.0,0.0,0.0,0.0,0.72,0.14105347661898512,0.15631165450257806
R,24.0,microscopic,23,-9.414317882699468e-36,5.051050525638283e-52,-6.127940116060931e-05,0.001006600638823063,-0.001192693409450168,0.020345972939003087,24,0.72,0.0,0.0,0.0,0.0,0.72,0.14105347661898512,0.15631165450257806
R,24.0,microscopic,24,2.8242953648098325e-37,1.5784532892619635e-53,2.3864001949010066e-05,0.0007772331490463744,0.0004992268787026771,0.015699715294527905,24,0.72,0.0,0.0,0.0,0.0,0.72,0.14105347661898512,0.15631165450257806
R,24.0,microscopic,25,-8.47288609442948e-39,4.932666528943636e-55,-0.0007284339458288374,0.0004721341467693584,-0.01476993499039926,0.009531065132987635,24,0.72,0.0,0.0,0.0,0.0,0.72,0.14105347661898512,0.15631165450257806
R,24.0,microscopic,26,2.5418658283288367e-40,1.5414582902948862e-56,0.0006390511626839034,0.00034280221148655593,0.012907284772870474,0.006959285297964157,24,0.72,0.0,0.0,0.0,0.0,0.72,0.14105347661898512,0.15631165450257806
R,24.0,microscopic,27,-7.625597484986492e-42,0.0,0.0007992998885842464,0.0006504977249951155,0.0160035061793152,0.013105162821929632,24,0.72,0.0,0.0,0.0,0.0,0.72,0.14105347661898512,0.15631165450257806
R,24.0,microscopic,28,2.287679245495942e-43,0.0,-0.0021281239025975644,0.0007985268967727535,-0.04264941535509838,0.015917889112551268,24,0.72,0.0,0.0,0.0,0.0,0.72,0.14105347661898512,0.15631165450257806
R,24.0,microscopic,29,-6.86303773648781e-45,0.0,0.0011176633385225577,0.0005301891552295348,0.02267625606056562,0.010676908265237373,24,0.72,0.0,0.0,0.0,0.0,0.72,0.14105347661898512,0.15631165450257806
R,24.0,microscopic,30,2.0589113209463375e-46,0.0,0.00035482095621496706,0.0006059485339293151,0.006923836412459489,0.012075496706563006,24,0.72,0.0,0.0,0.0,0.0,0.72,0.14105347661898512,0.15631165450257806
R,24.0,microscopic,31,-6.176733962838997e-48,4.593903691455383e-64,-0.0005505226180075219,0.0004868648406799309,-0.011242355759884708,0.009838681421169736,24,0.72,0.0,0.0,0.0,0.0,0.72,0.14105347661898512,0.15631165450257806
R,24.0,microscopic,32,1.8530201888516948e-49,0.0,0.0003400164205680185,0.0007608182937601767,0.006852442666839218,0.015318410594153375,24,0.72,0.0,0.0,0.0,0.0,0.72,0.14105347661898512,0.15631165450257806
R,24.0,microscopic,33,-5.559060566555071e-51,0.0,-0.0011149341461757565,0.0009611952058534424,-0.02212030079875906,0.01938683721901397,24,0.72,0.0,0.0,0.0,0.0,0.72,0.14105347661898512,0.15631165450257806
R,24.0,microscopic,34,1.667718169966517e-52,0.0,5.249821021079739e-05,0.0006503272085579859,0.0008977500270060477,0.013056195911287375,24,0.72,0.0,0.0,0.0,0.0,0.72,0.14105347661898512,0.15631165450257806
R,24.0,microscopic,35,-5.003154509899539e-54,2.1905439812924303e-70,0.001000671895346883,0.000491750056749577,0.020096262183273417,0.009892868793425526,24,0.72,0.0,0.0,0.0,0.0,0.72,0.14105347661898512,0.15631165450257806
R,24.0,microscopic,36,1.5009463529698582e-55,6.845449941538845e-72,-5.1329769672921096e-05,0.0005488162628899948,-0.0008430270447063656,0.011066957500914038,24,0.72,0.0,0.0,0.0,0.0,0.72,0.14105347661898512,0.15631165450257806
R,24.0,microscopic,37,-4.5028390589095637e-57,0.0,0.000250077002057675,0.000905653383689162,0.004951343652414161,0.018313641021057588,24,0.72,0.0,0.0,0.0,0.0,0.72,0.14105347661898512,0.15631165450257806
R,24.0,microscopic,38,1.3508517176728652e-58,1.3370019417068056e-74,0.0007894868507585556,0.000539470734221884,0.015933884385329757,0.010842528971253906,24,0.72,0.0,0.0,0.0,0.0,0.72,0.14105347661898512,0.15631165450257806
R,24.0,microscopic,39,-4.052555153018587e-60,0.0,0.0002442852248540918,0.000515580999157687,0.004940415696410665,0.010402799848352252,24,0.72,0.0,0.0,0.0,0.0,0.72,0.14105347661898512,0.15631165450257806
R,24.0,microscopic,40,1.215766545905573e-61,6.528329793490262e-78,0.0003534628540001813,0.0008778116672197888,0.0072730399057947944,0.017556300108444934,24,0.72,0.0,0.0,0.0,0.0,0.72,0.14105347661898512,0.15631165450257806
